OrderTime,UserID,ProductID,Quantity,Price,PaymentStatus
2023-12-01 19:00:00,U45496,P123,2,439.94,Cancelled
2023-11-06 09:43:00,U92693,P110,4,224.21,Pending
2023-02-15 06:55:00,U23161,P137,1,$66.25,paid
2023-08-12 15:13:00,U93027,P113,3,227.38,Cancelled
2023-12-03 03:05:00,U80171,P124,2,$11.73,paid
2023-04-01 17:47:00,U24003,P109,5,390.25,PENDING
07/30/2023 21:34,U40629,P142,3,$96.33,Pending
2023-11-22 17:00:00,U70628,P103,2,461.1,Cancelled
05/08/2023 11:51,,P113,5,142.4,paid
2023-01-17 23:58:00,U38198,P137,3,95.55,Pending
2023-09-25 00:07:00,U87668,P112,5,276.2,Paid
2023-03-24 17:28:00,U50209,P111,1,499.12,Pending
2023-08-04 12:51:00,U40999,P137,5,141.58,Cancelled
2023-06-07 07:32:00,,P121,3,124.73,paid
2023-04-15 00:32:00,U49850,P105,2,162.89,PENDING
06/20/2023 11:35,U79979,P121,4,$190.39,Paid
2023-02-19 04:49:00,U81316,P126,3,198.21,Pending
2023-01-23 17:27:00,U11207,P104,5,355.92,Pending
2023-10-31 15:23:00,U77054,P132,2,$222.17,paid
01/14/2023 09:56,U34074,P122,4,292.81,PENDING
09/29/2023 07:16,U66846,P148,4,$372.05,paid
2023-09-07 00:09:00,U35868,P125,4,354.82,paid
2023-10-11 11:48:00,U86037,P142,1,259.63,Paid
2023-03-10 11:00:00,U43504,P122,3,323.7,Pending
2023-07-21 13:54:00,U35623,P141,5,456.06,Paid
12/23/2023 04:26,U85016,P124,5,298.99,Pending
09/17/2023 17:49,U87604,P131,1,265.5,paid
02/04/2023 18:56,U93142,P133,1,368.07,PENDING
09/25/2023 02:56,U57383,P129,5,290.09,Cancelled
2023-05-01 13:29:00,U50107,P150,3,$114.07,paid
2023-05-04 22:03:00,U11465,P112,3,369.97,paid
2023-07-15 08:40:00,U91454,P137,2,100.65,paid
2023-05-15 07:40:00,U56614,P122,3,213.96,PENDING
2023-02-11 15:04:00,U39869,P121,5,299.42,Paid
06/07/2023 19:09,U24430,P104,2,280.23,paid
2023-05-04 12:01:00,U92984,P117,4,474.84,Pending
03/31/2023 20:47,U37613,P110,2,54.7,Cancelled
2023-02-17 09:40:00,U74249,P139,2,$47.15,Pending
2023-05-22 05:03:00,,P143,3,249.65,PENDING
2023-05-03 17:51:00,U41733,P137,3,369.25,PENDING
2023-04-14 08:01:00,U54392,P128,3,216.95,PENDING
08/29/2023 02:31,U36987,P135,4,$397.8,Cancelled
2023-07-19 13:24:00,U86208,P127,2,266.61,Paid
11/27/2023 04:07,U39802,P131,4,369.48,PENDING
2023-04-01 23:21:00,U25872,P126,5,67.76,PENDING
01/16/2023 05:26,U20013,P145,2,55.74,Cancelled
05/05/2023 00:33,U55794,P126,4,288.51,Paid
01/31/2023 15:50,U67535,P101,4,330.18,Paid
2023-07-30 13:22:00,U61581,P114,1,$450.88,Pending
08/11/2023 17:45,U24815,P127,2,258.26,PENDING
2023-06-15 12:25:00,U39561,P127,2,$34.56,paid
2023-05-13 08:01:00,U49124,P110,5,168.58,Cancelled
2023-01-24 13:02:00,U72218,P110,2,440.8,PENDING
2023-08-24 07:57:00,U67794,P106,1,$64.4,Paid
2023-05-31 13:09:00,U66351,P122,3,$377.67,Pending
2023-03-16 10:16:00,U71807,P140,5,459.4,Cancelled
2023-10-29 04:14:00,U72404,P104,2,$305.08,Cancelled
03/15/2023 19:57,U16438,P120,4,$301.84,Paid
12/10/2023 02:09,U40714,P133,1,431.1,Pending
04/08/2023 12:45,U27180,P110,2,470.35,Cancelled
2023-05-24 06:43:00,U10249,P148,3,$484.39,Cancelled
2023-01-30 06:52:00,U22766,P114,3,$260.0,Paid
09/26/2023 06:12,U33938,P113,2,207.89,Paid
2023-09-03 09:36:00,U18863,P138,5,344.22,PENDING
05/31/2023 23:11,U21332,P143,5,304.61,PENDING
07/21/2023 02:26,U63757,P112,2,182.58,paid
2023-07-29 01:00:00,U96565,P119,4,$276.85,Cancelled
2023-04-12 23:15:00,U30956,P145,3,133.18,PENDING
10/11/2023 14:56,U99776,P134,5,248.28,PENDING
2023-06-05 11:14:00,U54660,P109,2,369.39,Cancelled
04/22/2023 21:43,U25025,P137,5,206.87,Pending
2023-07-31 09:27:00,U16098,P123,4,32.18,Cancelled
2023-01-21 07:34:00,U86460,P106,1,27.86,Cancelled
2023-04-29 06:32:00,U52514,P105,5,302.66,paid
2023-09-26 12:30:00,U43007,P106,5,314.46,Paid
2023-10-16 12:32:00,U54554,P130,3,310.54,PENDING
2023-03-28 09:28:00,U45700,P124,5,11.6,paid
02/23/2023 09:35,U88598,P148,2,$170.73,Pending
06/05/2023 08:06,U23115,P131,1,433.04,Paid
2023-06-30 19:28:00,U31289,P148,1,$397.26,PENDING
07/24/2023 07:40,,P111,5,263.78,paid
2023-07-18 17:00:00,U46279,P100,3,113.77,Cancelled
2023-01-15 16:59:00,U14501,P133,1,347.19,paid
08/09/2023 13:06,U44583,P122,5,373.1,Pending
2023-09-25 20:26:00,U52422,P143,2,214.51,paid
2023-01-17 02:40:00,U67183,P123,3,448.36,Paid
01/28/2023 16:47,U60475,P120,3,310.84,Paid
2023-12-11 20:12:00,U73280,P118,5,46.82,Paid
2023-09-27 02:26:00,U58607,P114,2,96.91,Pending
03/04/2023 07:09,U62125,P107,1,69.79,PENDING
2023-04-22 05:31:00,U88266,P142,1,350.85,PENDING
2023-10-27 11:35:00,U47410,P137,5,428.5,Pending
2023-12-06 09:15:00,U88509,P138,3,$261.73,paid
03/13/2023 01:04,U46574,P129,4,301.44,Paid
2023-02-18 08:15:00,U19425,P103,4,128.62,Cancelled
2023-05-20 21:06:00,U57082,P125,3,463.37,paid
2023-08-23 14:20:00,U39813,P112,5,132.45,paid
2023-08-10 06:45:00,U83753,P107,1,445.93,paid
2023-10-06 19:09:00,U47327,P106,1,121.41,Paid
2023-12-03 04:42:00,U61635,P104,4,319.9,Cancelled
02/11/2023 07:37,U65234,P141,1,175.05,Cancelled
2023-05-28 05:34:00,U90339,P113,4,283.99,Pending
12/26/2023 18:30,,P117,5,$464.79,Cancelled
2023-11-30 01:09:00,U37104,P101,4,106.48,Cancelled
2023-07-29 13:26:00,U69235,P101,2,451.36,PENDING
12/11/2023 18:51,U13631,P133,5,319.92,Pending
2023-02-18 21:22:00,U82651,P104,4,271.91,paid
2023-02-28 09:39:00,U78796,P137,1,85.4,Pending
01/05/2023 03:15,U99945,P128,2,$216.01,Pending
2023-08-11 04:43:00,U97126,P100,4,$269.71,paid
10/31/2023 03:09,U82796,P134,2,103.13,Pending
2023-07-10 19:25:00,U85065,P104,3,187.96,Cancelled
06/23/2023 20:32,,P119,4,$129.85,paid
2023-03-29 09:07:00,U95841,P109,1,465.96,Cancelled
2023-02-20 14:55:00,U93579,P122,2,85.97,Pending
2023-06-20 15:15:00,U70282,P115,2,$207.78,paid
2023-12-13 20:58:00,U28945,P138,4,168.98,Paid
2023-12-19 10:23:00,U47154,P141,4,$447.9,PENDING
2023-12-15 01:46:00,U11850,P110,3,499.59,PENDING
2023-05-07 08:06:00,U90619,P117,5,316.79,Paid
2023-04-10 11:00:00,U42246,P144,4,482.41,PENDING
2023-11-28 16:18:00,U90649,P148,4,297.14,Pending
2023-10-16 14:41:00,U43429,P119,5,435.7,Pending
2023-09-22 13:43:00,U81941,P110,2,$286.26,paid
2023-12-23 14:38:00,U69172,P140,3,306.62,PENDING
2023-05-28 10:44:00,U96814,P131,3,194.04,Pending
2023-06-18 17:46:00,U49657,P143,5,104.3,Cancelled
2023-11-04 16:14:00,U63145,P120,3,$438.52,PENDING
2023-09-12 09:09:00,U54915,P147,4,452.83,PENDING
2023-07-12 15:37:00,U25097,P121,2,160.43,Paid
05/05/2023 20:34,U84080,P132,2,467.33,Pending
2023-01-12 07:19:00,U57895,P101,2,109.29,paid
2023-05-10 00:32:00,U82650,P147,2,272.69,paid
2023-10-26 07:41:00,U40674,P118,4,209.36,Cancelled
01/02/2023 20:01,U69945,P123,5,427.62,Cancelled
11/12/2023 11:47,U99046,P115,5,213.58,paid
01/19/2023 04:32,U51252,P146,1,193.78,Paid
10/24/2023 06:53,U69398,P114,2,$184.78,Cancelled
2023-04-24 22:16:00,U78283,P129,1,59.65,Paid
2023-06-15 04:58:00,U57371,P107,2,280.54,Paid
2023-07-13 19:53:00,U62703,P112,3,245.02,PENDING
2023-12-03 17:09:00,U36862,P111,5,287.9,Cancelled
2023-09-04 04:06:00,U94861,P112,3,113.48,PENDING
04/29/2023 03:55,U24667,P100,1,202.97,Pending
03/29/2023 11:56,U93992,P100,2,236.94,Paid
08/15/2023 15:56,U58452,P106,1,$23.69,Pending
2023-06-03 10:14:00,U76286,P110,4,435.19,paid
2023-05-26 18:30:00,U69680,P125,4,193.26,PENDING
03/13/2023 19:55,U51680,P109,4,298.16,paid
08/15/2023 22:22,U49948,P124,3,249.03,PENDING
2023-07-15 04:25:00,U51243,P129,2,213.73,Cancelled
2023-10-04 11:16:00,U53408,P107,2,417.31,Pending
2023-06-17 23:00:00,U60413,P119,4,$477.37,Pending
09/04/2023 00:11,U17999,P129,1,20.74,Cancelled
2023-05-24 08:06:00,U10583,P126,4,262.23,Cancelled
07/14/2023 02:18,U28036,P137,3,240.93,Cancelled
2023-05-24 08:33:00,U56723,P128,1,62.91,PENDING
2023-02-18 13:21:00,U92692,P135,3,387.31,PENDING
2023-10-01 18:17:00,U66240,P102,4,399.45,Paid
2023-02-08 18:58:00,U79427,P137,5,315.16,PENDING
2023-07-31 02:46:00,U60250,P111,5,400.47,Pending
2023-12-03 14:48:00,U88182,P135,3,$53.02,Pending
03/16/2023 23:34,U13333,P122,5,$498.82,Cancelled
2023-11-06 17:49:00,U37039,P110,1,$125.3,PENDING
03/04/2023 11:55,U31767,P106,4,388.5,Paid
05/16/2023 13:45,U84354,P105,3,$195.99,Pending
08/27/2023 10:04,U79319,P117,1,162.0,Cancelled
2023-11-20 17:19:00,U30471,P126,2,328.84,PENDING
2023-04-29 15:22:00,U54835,P145,4,344.16,PENDING
2023-04-20 09:52:00,U83503,P138,4,$492.76,paid
2023-03-16 23:54:00,U61350,P106,3,$164.47,Paid
09/10/2023 19:35,U73511,P129,4,285.67,PENDING
2023-08-02 01:10:00,U13592,P137,1,381.28,paid
10/03/2023 00:02,U67367,P116,4,338.25,paid
09/14/2023 20:25,U90929,P118,1,287.88,paid
2023-02-04 05:20:00,U23489,P143,4,331.86,Paid
03/09/2023 08:03,U10028,P118,1,352.54,Paid
2023-12-13 22:31:00,U46840,P130,1,133.82,Paid
2023-10-08 15:07:00,U40597,P118,5,$59.42,Cancelled
2023-11-26 19:17:00,U13226,P146,4,337.97,Cancelled
06/16/2023 03:35,U61655,P129,1,$381.06,Paid
2023-08-27 06:00:00,U71037,P117,1,42.05,Pending
2023-04-05 10:18:00,U60406,P105,2,346.23,Pending
2023-05-28 19:04:00,U34847,P113,4,375.24,Pending
2023-08-02 19:50:00,U53179,P135,4,491.57,Pending
2023-12-23 09:54:00,U82975,P143,3,185.27,Pending
09/27/2023 17:23,U70046,P135,1,369.26,Cancelled
2023-12-28 05:37:00,,P132,1,264.52,Paid
2023-05-29 04:07:00,U26113,P112,5,36.72,paid
2023-01-26 16:40:00,U43743,P101,2,341.09,Paid
2023-10-30 02:34:00,U56202,P101,4,$222.73,Cancelled
11/02/2023 07:16,U47067,P141,1,242.55,PENDING
2023-11-16 01:57:00,U53956,P115,5,384.08,Cancelled
2023-04-12 02:53:00,U24181,P103,1,322.88,PENDING
2023-02-01 12:11:00,,P147,2,86.95,Paid
07/28/2023 10:15,U80054,P112,1,442.21,paid
10/06/2023 18:56,U43212,P146,4,316.23,Paid
2023-03-07 10:20:00,U96908,P135,1,210.32,Pending
2023-08-20 14:51:00,U74693,P146,4,$160.74,paid
2023-10-29 03:05:00,U99847,P139,5,$250.38,PENDING
03/07/2023 17:19,,P114,2,493.12,Paid
2023-02-26 05:07:00,U95103,P149,2,$326.42,PENDING
2023-01-06 21:16:00,U19984,P126,5,437.63,paid
2023-05-12 04:07:00,U36681,P112,2,457.09,Pending
2023-08-11 23:10:00,U60033,P108,4,221.72,Cancelled
2023-07-31 12:30:00,U91653,P105,5,425.88,Paid
2023-06-26 22:29:00,U78782,P104,5,64.75,PENDING
2023-07-17 18:16:00,U88462,P141,2,273.17,paid
2023-07-06 07:32:00,U33685,P114,4,313.71,paid
2023-10-24 11:51:00,U47335,P140,1,153.45,Pending
2023-12-24 01:33:00,U88606,P125,2,482.93,PENDING
2023-03-06 05:36:00,U98114,P102,3,168.33,Cancelled
2023-11-09 09:54:00,U66872,P110,5,190.06,Pending
2023-05-13 19:09:00,U59626,P113,3,121.41,PENDING
02/27/2023 15:35,U71886,P110,4,138.55,Paid
2023-02-09 20:41:00,U42511,P103,4,$394.53,Paid
04/17/2023 23:53,U74929,P111,4,90.16,Cancelled
02/09/2023 05:31,U48060,P102,1,419.36,PENDING
2023-05-29 02:31:00,U33770,P120,4,148.41,paid
2023-01-20 18:14:00,U70858,P106,2,393.48,Pending
2023-02-17 15:41:00,U91725,P116,4,424.42,PENDING
2023-12-05 11:54:00,U24013,P122,4,89.08,Pending
10/12/2023 20:59,U70443,P140,1,203.37,PENDING
2023-06-14 01:24:00,U77340,P145,5,$128.73,paid
03/15/2023 19:45,U25689,P114,5,391.44,Cancelled
2023-07-13 14:07:00,U76819,P123,1,59.38,PENDING
2023-08-27 18:04:00,U51661,P119,2,33.86,Paid
09/18/2023 06:51,U84434,P142,3,259.59,PENDING
05/19/2023 02:54,U61751,P112,3,375.15,Paid
2023-06-25 12:05:00,U17513,P145,5,$132.63,PENDING
2023-01-04 18:01:00,U28262,P102,1,304.69,Cancelled
2023-06-01 17:08:00,U20934,P116,3,449.5,Paid
2023-06-18 01:37:00,U67217,P107,1,15.99,Pending
11/10/2023 18:40,U77016,P109,5,410.83,Paid
2023-12-04 14:41:00,U87260,P116,1,390.5,Paid
2023-08-07 08:24:00,U16198,P141,5,$69.21,PENDING
07/26/2023 01:25,U31791,P107,1,381.36,Pending
2023-08-08 03:44:00,U78203,P149,3,271.32,Pending
2023-08-10 12:10:00,U80203,P110,5,28.31,PENDING
2023-05-24 00:39:00,U39824,P104,2,220.56,Paid
04/07/2023 21:23,,P109,3,324.77,Paid
12/30/2023 11:33,U19401,P110,1,404.21,paid
2023-04-11 19:33:00,U17245,P129,5,471.73,paid
2023-10-22 06:31:00,U71589,P141,3,221.76,Cancelled
2023-10-27 12:12:00,U56496,P121,1,15.57,Paid
2023-06-16 21:42:00,U66814,P108,5,$373.14,Paid
02/25/2023 01:30,U84605,P106,3,455.88,Cancelled
11/07/2023 15:30,U34669,P143,4,169.1,Paid
2023-10-07 09:10:00,U12894,P144,1,464.77,Pending
2023-05-14 07:48:00,U46898,P131,1,261.82,Paid
12/21/2023 14:59,U66535,P124,3,$473.4,Pending
05/21/2023 09:37,U11442,P131,3,140.12,Pending
2023-04-30 10:07:00,U68013,P104,4,251.96,Cancelled
03/16/2023 02:43,U17305,P136,2,196.74,Pending
2023-06-23 23:25:00,U32231,P136,4,92.01,Cancelled
2023-09-10 17:00:00,U96283,P117,3,228.2,PENDING
2023-04-08 17:56:00,U69710,P129,4,$94.94,Pending
2023-04-10 18:05:00,U87930,P149,5,468.18,PENDING
04/09/2023 08:26,U21538,P149,2,27.39,Paid
04/01/2023 08:04,U72829,P101,4,443.66,Paid
2023-08-08 19:05:00,U10056,P141,5,$342.47,Pending
09/08/2023 14:42,U62253,P108,4,493.37,Paid
03/09/2023 18:12,,P107,1,257.65,Cancelled
2023-05-02 10:05:00,U54346,P140,3,448.77,Pending
2023-02-14 16:40:00,U24190,P127,5,499.24,Pending
2023-10-03 22:19:00,U55340,P108,1,111.39,PENDING
2023-11-09 18:30:00,U46767,P122,4,480.57,PENDING
2023-08-11 19:52:00,U24553,P136,4,383.1,Paid
2023-04-16 07:20:00,U71921,P144,4,159.68,Cancelled
2023-04-18 12:45:00,U43122,P145,5,46.55,PENDING
2023-08-27 04:27:00,U52873,P117,4,348.48,PENDING
2023-06-26 10:23:00,U37883,P136,3,250.09,PENDING
2023-05-02 11:29:00,U70449,P133,3,85.76,Paid
02/15/2023 20:22,U97465,P105,2,$72.12,Cancelled
2023-03-21 11:57:00,U12527,P108,2,436.2,PENDING
2023-08-10 01:38:00,U16971,P128,1,233.92,Cancelled
09/14/2023 13:35,,P100,2,$337.34,PENDING
2023-03-13 20:12:00,U85635,P133,4,$474.16,Paid
2023-08-13 20:26:00,U71747,P130,3,$261.52,Cancelled
09/09/2023 20:08,U46535,P116,1,269.39,paid
2023-08-05 18:42:00,U67589,P109,3,285.14,paid
2023-08-18 07:50:00,U96318,P109,5,315.05,Cancelled
2023-06-27 08:26:00,U80945,P150,5,$204.35,Paid
2023-11-06 11:09:00,U79014,P119,4,119.49,PENDING
2023-06-17 12:14:00,U90619,P105,3,11.27,Paid
09/06/2023 08:45,U68302,P108,5,246.74,Pending
05/15/2023 04:04,U16296,P131,3,$414.47,Paid
2023-01-11 19:52:00,,P115,5,$111.38,Paid
2023-06-25 13:35:00,U58058,P140,3,182.32,Pending
07/15/2023 11:01,U19507,P149,5,499.37,PENDING
2023-09-19 18:53:00,U78687,P150,2,276.56,paid
09/08/2023 20:11,U81463,P114,1,325.74,Paid
07/26/2023 08:34,U74417,P138,4,$219.08,Paid
2023-05-17 09:40:00,U93876,P127,5,$308.85,PENDING
2023-04-21 17:52:00,U75726,P138,2,$300.7,Paid
2023-07-29 02:06:00,U92874,P107,1,426.6,Cancelled
2023-03-22 11:02:00,U91601,P133,2,$274.04,Paid
2023-02-06 21:04:00,U88184,P149,5,262.39,paid
2023-08-04 12:48:00,U67432,P124,1,139.24,Pending
04/24/2023 21:52,U12895,P145,5,55.79,Cancelled
09/09/2023 03:07,U80153,P121,4,91.36,Cancelled
2023-03-29 17:16:00,U54433,P125,1,258.3,paid
2023-12-22 15:56:00,U43603,P138,1,$215.84,Paid
07/10/2023 12:32,U11032,P113,3,$39.82,Paid
2023-08-21 14:23:00,U24844,P105,2,$328.37,Pending
2023-06-02 09:13:00,U62118,P134,5,456.12,paid
2023-02-21 05:51:00,U73337,P125,2,383.24,Pending
11/24/2023 18:27,U21431,P148,4,$444.88,paid
2023-06-07 12:22:00,U30063,P107,1,$381.58,paid
07/02/2023 14:28,U47360,P150,2,211.83,paid
2023-02-17 22:27:00,U32238,P129,4,11.12,Pending
04/26/2023 22:41,U45290,P125,3,$295.42,PENDING
2023-03-09 17:24:00,U69570,P130,5,47.59,Pending
2023-03-04 11:56:00,U11040,P148,4,405.87,Cancelled
09/29/2023 17:46,U14578,P132,4,$452.44,paid
2023-02-24 14:22:00,U15475,P126,4,108.99,paid
03/14/2023 09:47,U39322,P130,4,$69.58,Paid
05/10/2023 17:07,U59960,P146,2,$96.0,Paid
2023-10-20 02:43:00,U98841,P132,2,449.44,Cancelled
2023-12-05 09:45:00,U52547,P131,2,179.01,PENDING
12/05/2023 21:47,U97509,P138,5,462.45,Paid
2023-11-21 16:10:00,U55978,P136,4,148.65,PENDING
2023-03-29 21:42:00,U57756,P139,1,172.94,Cancelled
2023-04-09 02:24:00,U88327,P108,4,151.91,PENDING
2023-10-07 17:03:00,U98834,P146,4,$449.36,Paid
03/10/2023 02:20,U97724,P150,1,209.41,paid
2023-12-29 11:52:00,U16471,P125,1,57.66,Pending
12/12/2023 08:31,U62698,P106,3,267.12,Pending
03/16/2023 16:08,U81743,P150,1,486.36,paid
2023-02-14 10:27:00,U22029,P119,2,288.1,Paid
11/29/2023 18:59,U80186,P132,3,27.15,PENDING
2023-10-04 14:59:00,U89205,P127,1,44.54,paid
2023-05-14 05:32:00,U91690,P102,3,303.06,paid
2023-05-23 06:42:00,,P135,2,210.09,Paid
2023-03-14 22:35:00,,P139,2,91.6,PENDING
04/21/2023 17:22,U31174,P144,4,$368.32,Cancelled
02/02/2023 12:55,U65970,P108,1,436.31,PENDING
10/09/2023 13:25,,P110,4,89.88,Cancelled
2023-01-05 15:43:00,U90037,P107,2,178.21,PENDING
2023-10-20 21:34:00,U36584,P142,2,204.12,Cancelled
07/22/2023 20:40,U58357,P145,5,341.54,PENDING
2023-03-05 23:22:00,U25256,P124,1,334.5,Pending
2023-10-14 19:10:00,U14242,P129,5,71.12,PENDING
2023-04-10 18:28:00,U21055,P118,1,$498.32,paid
2023-06-08 12:01:00,U23408,P113,1,429.96,paid
06/12/2023 12:41,U77362,P124,3,130.59,Paid
2023-04-19 23:48:00,U44825,P120,2,364.41,Pending
2023-11-17 10:16:00,U42339,P127,4,131.87,Cancelled
2023-07-09 23:19:00,U88417,P104,4,45.23,paid
08/27/2023 13:33,U76376,P142,4,31.83,paid
2023-04-07 11:15:00,U65083,P146,4,440.65,Pending
2023-04-25 00:46:00,U84714,P126,5,433.96,Cancelled
04/30/2023 06:37,U11653,P103,5,13.11,PENDING
2023-05-30 04:19:00,U16631,P131,1,292.9,Cancelled
12/13/2023 04:00,U20854,P146,4,341.24,Pending
05/02/2023 23:25,U15591,P141,5,$169.0,Paid
2023-08-23 06:28:00,U14832,P116,4,$128.53,Paid
01/01/2023 11:07,U27084,P127,3,399.93,PENDING
09/05/2023 07:02,U37707,P125,5,$333.1,Cancelled
12/31/2023 18:16,U63335,P147,5,468.51,Pending
2023-08-13 19:18:00,U31233,P102,3,$245.39,PENDING
2023-09-27 14:35:00,U97498,P119,4,485.14,Pending
2023-09-22 06:31:00,U47984,P112,1,$320.09,PENDING
2023-08-09 13:39:00,U15054,P141,1,248.17,Cancelled
2023-03-20 04:35:00,U61517,P141,2,459.33,PENDING
08/17/2023 13:20,U85813,P110,4,473.21,Paid
2023-02-05 02:43:00,U99352,P129,5,196.57,Cancelled
2023-02-25 14:30:00,U14474,P142,3,64.29,Pending
01/09/2023 12:23,U21916,P127,5,420.04,Paid
2023-06-19 23:20:00,U42607,P146,5,$61.6,Pending
2023-10-07 01:36:00,U79882,P120,3,$136.39,paid
10/20/2023 05:15,U23394,P115,1,492.52,Cancelled
2023-01-19 14:29:00,U31213,P131,5,$329.5,Pending
05/12/2023 21:48,U26974,P116,2,97.82,Pending
09/11/2023 07:55,U26432,P130,4,229.91,PENDING
2023-08-17 03:31:00,U69682,P141,1,263.16,paid
09/15/2023 14:54,U14220,P105,2,287.19,Paid
05/29/2023 18:56,U59721,P150,1,$477.96,Pending
2023-12-05 08:55:00,U94121,P123,1,419.87,Cancelled
12/18/2023 12:33,U23315,P131,3,182.99,Paid
2023-07-02 22:57:00,,P138,3,15.75,paid
06/12/2023 03:47,U39411,P142,4,367.16,paid
2023-07-26 09:35:00,U46005,P141,2,482.01,PENDING
2023-07-11 22:16:00,U47477,P144,2,95.05,Cancelled
2023-04-26 21:07:00,U90084,P141,4,$352.96,paid
2023-04-18 12:06:00,U72411,P110,4,208.99,paid
2023-09-29 11:48:00,U14526,P147,5,253.04,paid
2023-04-07 22:18:00,U48284,P121,5,243.25,Cancelled
2023-08-12 20:43:00,U90645,P141,5,287.12,Pending
06/02/2023 09:42,U98247,P112,1,294.15,PENDING
12/24/2023 04:34,U25785,P113,3,$64.29,Pending
2023-07-04 14:41:00,U25987,P110,2,35.14,Paid
2023-04-27 05:38:00,U43549,P118,3,457.29,PENDING
12/02/2023 11:13,U10473,P111,3,56.23,Cancelled
2023-06-28 02:44:00,U41506,P145,2,329.75,PENDING
2023-06-17 21:50:00,U71729,P104,5,428.49,Paid
2023-01-24 05:03:00,U74691,P105,1,412.35,paid
02/04/2023 17:22,U32658,P138,5,$88.05,Pending
2023-05-21 14:53:00,U86905,P130,5,324.11,Pending
2023-09-14 01:34:00,U34950,P116,5,391.8,Cancelled
2023-12-01 02:03:00,U89214,P124,5,189.44,Cancelled
2023-04-17 01:05:00,U99034,P104,1,$484.51,PENDING
2023-07-31 22:11:00,U91583,P109,1,127.73,Pending
04/23/2023 15:06,U88328,P135,1,$93.81,Paid
2023-06-09 07:44:00,U92277,P122,1,17.52,Pending
2023-09-03 18:00:00,U22391,P112,2,368.77,Paid
2023-05-29 03:13:00,U62085,P117,5,341.64,paid
2023-05-28 21:10:00,U56198,P120,1,234.29,Cancelled
11/27/2023 16:54,U36552,P123,5,30.19,Pending
2023-08-09 11:12:00,U22784,P138,3,$60.84,Paid
2023-10-10 12:36:00,U64883,P116,3,477.68,Paid
2023-11-08 23:00:00,,P124,4,225.44,Paid
2023-10-04 05:53:00,U54632,P105,2,463.91,Pending
2023-10-31 04:39:00,U88633,P101,3,220.64,Paid
2023-09-06 18:27:00,U95278,P106,4,355.08,paid
2023-08-11 07:21:00,U56185,P112,5,344.51,Cancelled
2023-02-05 09:20:00,U71489,P113,1,392.56,Paid
2023-01-05 04:05:00,U41346,P137,2,342.46,Pending
2023-08-31 11:02:00,U59576,P150,2,38.96,PENDING
2023-07-03 16:39:00,U40318,P134,1,$296.23,Cancelled
11/05/2023 21:16,U51806,P118,4,$93.98,Pending
2023-12-08 02:12:00,U23869,P103,5,440.1,PENDING
2023-12-16 06:19:00,U19502,P132,4,349.15,Paid
07/10/2023 02:57,U86942,P114,5,$223.71,Paid
2023-09-15 23:51:00,U86902,P116,5,191.72,Paid
02/19/2023 06:22,U72223,P102,4,10.44,PENDING
2023-12-20 00:45:00,U12016,P115,3,239.75,PENDING
2023-08-19 21:06:00,U52776,P123,5,396.6,Paid
2023-11-11 09:29:00,U77350,P114,2,479.3,Cancelled
2023-09-03 18:47:00,U26313,P101,2,55.71,Pending
2023-09-15 21:33:00,U29062,P137,5,303.44,Pending
2023-03-26 08:34:00,U65023,P121,4,159.29,Pending
2023-01-27 11:21:00,U13536,P147,4,321.6,Paid
2023-06-25 19:38:00,U45239,P131,2,10.81,Cancelled
2023-08-14 07:25:00,U58119,P139,4,166.54,Pending
2023-12-01 07:54:00,U27152,P103,2,56.94,PENDING
2023-03-05 15:51:00,U87686,P124,2,431.97,Cancelled
2023-02-28 02:18:00,,P103,4,499.58,PENDING
2023-12-30 14:24:00,U48059,P112,2,$65.04,paid
03/20/2023 13:41,U68464,P150,1,255.38,Paid
09/28/2023 12:52,,P135,1,480.56,Pending
10/23/2023 09:04,U17488,P112,3,$396.98,Paid
2023-11-02 10:28:00,U64993,P120,2,136.92,Paid
09/24/2023 14:02,U52736,P146,4,192.73,PENDING
2023-07-28 11:38:00,U82650,P137,2,433.67,paid
2023-03-19 19:16:00,U65982,P148,4,368.88,Paid
2023-09-12 21:04:00,U87308,P102,4,99.13,paid
12/05/2023 06:37,U33358,P121,4,442.36,Pending
03/28/2023 20:10,U24956,P134,4,$110.22,paid
2023-12-20 07:02:00,U73937,P136,2,172.89,Pending
2023-02-11 07:38:00,U89750,P103,2,259.73,Pending
2023-04-24 12:49:00,U33078,P134,4,241.85,Pending
2023-06-17 17:27:00,U92405,P143,4,361.23,Pending
01/08/2023 12:03,U75480,P130,5,$20.29,Pending
12/10/2023 22:21,U31736,P113,4,237.68,PENDING
2023-04-23 23:45:00,U14795,P120,2,194.25,Cancelled
2023-03-03 16:35:00,U10054,P148,1,$94.96,Pending
01/12/2023 05:20,U48097,P146,4,295.69,Pending
2023-07-11 06:19:00,U66426,P145,5,95.89,Pending
2023-11-20 06:00:00,U31312,P113,3,203.59,Cancelled
2023-10-31 11:03:00,,P140,3,213.13,PENDING
2023-03-25 22:15:00,U28058,P130,3,347.82,paid
07/28/2023 08:39,U11114,P128,1,484.07,PENDING
07/24/2023 09:40,U44584,P146,1,326.66,Pending
2023-02-08 17:25:00,U92493,P115,5,444.12,PENDING
06/23/2023 12:10,U20364,P125,5,477.78,Pending
2023-09-02 21:12:00,U65351,P110,2,92.67,Pending
2023-10-21 09:01:00,U74661,P112,3,152.87,Pending
2023-04-22 01:15:00,U57861,P144,3,82.47,Paid
2023-11-01 11:47:00,U41629,P132,2,264.0,Paid
2023-08-02 00:25:00,U96382,P143,2,$264.29,Cancelled
2023-12-23 05:48:00,U43028,P140,1,164.05,Cancelled
2023-05-06 23:56:00,U14319,P100,1,258.06,Paid
06/15/2023 14:31,U46470,P101,1,408.71,Pending
2023-10-23 02:02:00,U16292,P148,3,$70.39,PENDING
2023-05-10 12:17:00,U22612,P112,1,265.37,Pending
2023-07-27 21:22:00,U21347,P104,1,$354.01,paid
2023-10-13 13:20:00,U23158,P146,2,395.54,Paid
05/06/2023 02:59,U68687,P146,2,188.71,Paid
2023-05-16 06:32:00,U46246,P148,2,$334.68,PENDING
2023-09-18 05:34:00,U54028,P134,1,441.64,Pending
2023-04-30 18:48:00,U67701,P117,1,166.31,Cancelled
04/28/2023 07:27,U23206,P100,5,236.41,PENDING
2023-05-10 21:12:00,U11263,P147,2,230.33,Cancelled
05/16/2023 03:11,U85915,P140,2,461.19,Cancelled
2023-08-12 00:56:00,U26971,P105,4,12.33,Pending
2023-01-03 18:24:00,U16519,P105,4,457.47,paid
2023-01-20 00:29:00,U54083,P141,1,137.4,Pending
05/14/2023 17:14,U93531,P105,5,181.66,paid
2023-10-28 22:11:00,U46106,P149,3,352.6,Cancelled
11/29/2023 14:21,U30169,P132,1,33.76,paid
2023-09-27 20:39:00,U60556,P145,2,$235.06,Paid
2023-02-13 09:26:00,U96932,P144,3,43.4,Pending
2023-12-30 11:53:00,U94535,P141,2,236.83,PENDING
2023-01-06 02:36:00,U57878,P104,1,259.81,paid
2023-06-19 02:43:00,U14282,P136,1,116.4,Cancelled
2023-05-02 21:27:00,U11111,P104,2,77.34,Cancelled
2023-01-02 05:30:00,U95222,P110,4,311.16,PENDING
2023-08-19 09:44:00,U68716,P110,5,442.65,paid
2023-08-13 04:34:00,U37651,P150,3,218.64,paid
2023-03-03 17:07:00,U52459,P143,2,19.93,paid
2023-02-10 01:27:00,U41267,P127,5,298.97,Cancelled
2023-07-11 15:20:00,,P109,3,22.4,paid
2023-10-19 01:17:00,U20730,P141,3,16.33,PENDING
01/12/2023 07:37,U68720,P102,3,$96.32,PENDING
2023-12-01 18:08:00,U36975,P111,1,314.77,Pending
2023-06-02 13:28:00,U24493,P116,2,341.05,Cancelled
2023-09-09 08:49:00,U49137,P131,2,311.12,Paid
2023-07-09 02:41:00,U24252,P123,3,$423.5,Paid
2023-02-19 04:42:00,U46947,P138,4,309.69,Pending
2023-07-06 08:12:00,U92650,P106,1,48.44,Cancelled
2023-08-18 14:46:00,U92652,P126,3,132.46,PENDING
02/03/2023 19:02,U69033,P117,2,$202.52,Paid
2023-06-27 20:56:00,U70151,P108,1,52.3,Cancelled
2023-10-31 21:00:00,U39544,P139,1,338.71,PENDING
2023-12-02 15:50:00,U99110,P111,1,463.65,paid
12/11/2023 17:58,,P119,3,110.03,Paid
2023-02-07 06:52:00,U46222,P109,2,491.59,paid
2023-10-10 21:15:00,U87742,P128,2,235.9,Pending
02/17/2023 10:55,U46859,P122,2,341.91,Pending
2023-08-04 08:45:00,U21549,P109,4,$426.57,PENDING
04/26/2023 19:51,U91040,P132,2,$451.17,Paid
2023-05-10 03:29:00,U99390,P128,2,$257.27,Pending
02/26/2023 15:34,U51298,P121,5,110.26,Paid
03/09/2023 21:40,,P122,4,130.04,Pending
2023-08-15 15:25:00,U97124,P109,3,387.68,Paid
03/12/2023 16:47,U80176,P115,1,245.65,Pending
2023-12-30 22:28:00,U88671,P110,1,99.94,Cancelled
2023-10-24 00:00:00,U19470,P105,5,86.52,PENDING
2023-08-21 16:30:00,U18681,P114,4,194.88,Cancelled
2023-01-05 22:58:00,U73511,P135,3,273.03,Pending
2023-06-14 21:58:00,U78801,P149,1,473.84,Pending
2023-09-28 21:11:00,U30776,P111,5,347.85,Paid
2023-10-25 10:43:00,U10058,P119,4,474.85,paid
2023-07-02 09:55:00,U43972,P109,4,218.38,Pending
08/03/2023 20:17,U24929,P116,4,438.47,Pending
04/29/2023 08:52,U63921,P115,5,$464.12,Cancelled
2023-11-12 03:23:00,U54585,P103,3,440.67,paid
2023-09-21 17:34:00,U76805,P111,2,489.27,Pending
09/25/2023 04:50,U69823,P109,5,364.71,Pending
2023-10-27 22:48:00,U95642,P119,1,420.28,paid
2023-07-27 07:42:00,U28499,P123,1,260.59,Pending
2023-05-26 08:07:00,,P118,1,266.25,Pending
2023-02-06 15:09:00,U77122,P128,5,$410.12,Pending
2023-03-07 08:28:00,,P148,1,421.43,PENDING
2023-10-10 14:23:00,U43540,P147,2,253.58,paid
2023-12-25 22:57:00,U67346,P108,4,$415.33,PENDING
04/08/2023 16:28,U49603,P137,2,52.27,PENDING
2023-03-14 16:18:00,U90813,P106,5,34.87,Paid
2023-04-15 19:08:00,U70026,P122,5,437.24,paid
2023-04-02 12:32:00,U56518,P139,3,19.55,PENDING
2023-08-17 04:38:00,U50059,P128,4,89.63,paid
2023-06-18 16:35:00,,P117,2,328.19,PENDING
2023-03-20 14:38:00,U86569,P137,1,144.5,Pending
05/11/2023 16:18,U57132,P132,3,$93.53,Paid
2023-05-01 04:58:00,U70284,P100,4,25.66,Cancelled
2023-04-11 04:37:00,U50962,P112,5,201.88,Pending
09/16/2023 05:04,U38800,P111,1,$254.26,Pending
2023-06-25 21:17:00,U75883,P139,2,291.88,Pending
2023-03-05 00:14:00,U73968,P137,5,218.95,Paid
12/06/2023 08:14,U44682,P104,4,100.75,Cancelled
2023-09-04 08:51:00,U17206,P140,1,$202.89,PENDING
2023-02-12 07:07:00,U99930,P114,3,331.05,paid
2023-06-03 13:51:00,U79553,P120,3,$352.79,paid
2023-11-10 18:35:00,U15418,P138,3,107.34,Paid
2023-04-08 08:57:00,U42191,P115,5,474.1,PENDING
2023-01-21 11:10:00,U16645,P131,5,292.74,Cancelled
02/15/2023 13:05,U20942,P139,4,$445.19,Cancelled
2023-05-01 08:42:00,U46945,P146,4,460.94,Pending
2023-03-02 12:06:00,U37051,P128,4,$162.41,Pending
2023-06-07 20:25:00,U21003,P123,2,352.77,Cancelled
2023-05-15 14:33:00,U59975,P116,2,499.19,paid
2023-02-14 08:45:00,U42298,P124,4,162.86,PENDING
07/05/2023 08:25,U36208,P141,2,$104.71,paid
2023-02-03 16:25:00,U58905,P139,5,213.47,paid
2023-05-06 23:29:00,U80200,P120,1,189.84,Cancelled
06/10/2023 22:07,U40174,P148,2,36.42,paid
2023-03-02 06:20:00,U62134,P144,2,138.4,paid
01/09/2023 21:43,U10699,P143,3,366.27,Cancelled
2023-07-28 03:20:00,U15313,P105,4,$252.5,paid
2023-01-25 01:13:00,U73648,P122,3,$22.03,Pending
2023-08-04 15:01:00,U61111,P119,1,$55.82,paid
2023-11-08 04:18:00,U29968,P115,5,$418.41,paid
04/24/2023 13:54,U89904,P148,5,394.85,Pending
2023-02-09 21:01:00,U10258,P140,5,351.23,paid
09/17/2023 08:06,U60059,P114,1,395.43,paid
2023-07-18 09:26:00,,P123,1,428.13,paid
2023-12-27 07:54:00,U40770,P103,3,497.6,PENDING
06/11/2023 23:13,U63002,P124,5,$327.08,Pending
2023-08-11 20:39:00,U12244,P146,1,445.19,paid
2023-07-04 11:04:00,U68893,P116,1,254.09,PENDING
2023-12-08 12:32:00,U46111,P108,4,93.56,Paid
2023-09-08 05:46:00,U90468,P134,4,34.24,Paid
2023-10-14 07:47:00,U22522,P122,2,127.64,Paid
2023-06-26 20:06:00,U26339,P110,5,334.51,Paid
2023-05-07 06:19:00,,P145,3,481.07,Pending
2023-03-15 02:02:00,U54943,P100,4,32.44,paid
2023-02-11 06:00:00,U98767,P136,3,206.51,Cancelled
06/13/2023 23:51,U89369,P122,4,320.43,PENDING
2023-09-01 02:18:00,U87776,P115,5,200.21,PENDING
11/24/2023 01:07,U49935,P117,4,$476.95,paid
2023-02-14 02:00:00,U60783,P135,1,431.36,Pending
2023-11-07 22:42:00,U59044,P103,2,39.35,PENDING
2023-08-20 17:47:00,U66630,P109,5,253.55,Paid
10/13/2023 00:46,U54113,P137,2,74.95,Paid
2023-05-30 11:39:00,U90288,P123,1,39.1,PENDING
01/10/2023 15:38,U74166,P145,1,$284.85,Cancelled
06/23/2023 22:53,U30986,P150,1,170.06,PENDING
2023-02-14 22:03:00,U54082,P149,1,$308.82,paid
2023-05-20 15:57:00,U41567,P112,3,401.41,Pending
2023-04-18 02:43:00,U98013,P143,3,235.86,paid
09/16/2023 07:56,U19220,P120,4,407.77,Pending
2023-05-11 16:40:00,U12649,P111,1,422.2,Pending
2023-04-15 23:51:00,U11823,P119,3,323.82,Paid
2023-04-21 21:08:00,U80215,P102,4,19.36,Cancelled
2023-10-15 10:00:00,U57942,P114,3,15.04,Paid
2023-07-12 22:59:00,U13397,P134,2,422.04,Paid
2023-03-04 00:57:00,U59413,P113,2,$217.72,Pending
07/20/2023 01:59,U60382,P100,1,464.02,Paid
2023-11-17 17:33:00,U20654,P107,2,71.71,Pending
2023-05-19 03:26:00,,P134,2,437.71,PENDING
2023-07-01 20:13:00,U69875,P130,1,95.38,Cancelled
2023-06-11 15:43:00,U20556,P115,5,47.04,Paid
2023-01-16 06:48:00,U85464,P103,3,243.86,paid
2023-07-10 21:21:00,U16326,P115,2,120.39,PENDING
03/17/2023 06:09,,P142,2,73.93,Cancelled
2023-11-14 04:50:00,U61428,P120,2,213.86,Pending
2023-03-24 22:00:00,U63777,P120,4,$267.8,Paid
09/23/2023 03:19,U66834,P113,4,201.18,Paid
2023-09-04 19:46:00,U86187,P104,3,$294.9,paid
2023-01-17 05:19:00,U34648,P131,3,317.25,PENDING
2023-05-15 05:54:00,U67510,P103,5,94.7,PENDING
2023-06-12 10:52:00,U34711,P149,4,191.59,PENDING
2023-01-17 17:32:00,,P143,5,133.25,PENDING
2023-01-27 11:49:00,U10456,P124,3,58.59,Pending
2023-06-18 06:03:00,U26562,P137,4,208.91,Paid
2023-11-12 18:48:00,U22836,P101,3,383.97,paid
10/10/2023 06:14,U67976,P112,3,394.75,Paid
2023-04-29 03:13:00,U37634,P111,4,38.42,Cancelled
2023-10-12 14:06:00,U71015,P121,1,390.13,PENDING
2023-03-16 22:52:00,U37718,P105,4,$85.0,Paid
2023-07-14 23:50:00,,P100,5,398.83,Paid
2023-02-14 14:27:00,U53575,P132,3,411.47,Pending
2023-09-23 03:23:00,U40848,P127,3,408.36,PENDING
2023-06-07 01:25:00,U52129,P107,2,198.66,Pending
2023-11-19 19:45:00,U73693,P142,2,268.68,Paid
2023-12-11 01:32:00,U11155,P132,1,429.56,Paid
2023-08-19 03:29:00,U95610,P105,3,$353.83,paid
2023-09-04 10:00:00,U50932,P107,5,49.37,Cancelled
2023-08-14 21:05:00,U64722,P104,2,210.74,paid
2023-03-20 07:45:00,U20193,P147,5,$406.88,Paid
10/29/2023 00:17,U61219,P147,1,$469.12,PENDING
2023-03-10 03:29:00,U60949,P147,3,$150.46,PENDING
2023-09-08 02:15:00,U16547,P126,4,88.9,Cancelled
2023-11-19 13:48:00,U88339,P125,3,21.55,Cancelled
2023-07-21 02:24:00,U69982,P115,2,$103.98,paid
2023-08-12 10:21:00,U18915,P130,2,186.17,PENDING
09/11/2023 22:09,U22591,P148,5,394.88,paid
2023-01-29 21:59:00,U69063,P135,3,197.5,Pending
2023-01-23 03:57:00,U31043,P139,1,258.38,paid
11/10/2023 19:55,U90652,P108,5,$408.74,Cancelled
2023-06-13 11:06:00,U14360,P112,1,292.8,PENDING
11/23/2023 02:40,U32339,P147,5,76.39,Paid
2023-05-01 02:20:00,U52455,P132,4,496.33,Cancelled
06/11/2023 03:17,U55245,P119,1,$461.29,Pending
2023-07-22 07:50:00,U85146,P113,4,179.72,Paid
2023-12-07 23:26:00,U48173,P107,4,42.87,paid
2023-06-28 08:49:00,U26881,P104,4,$342.07,paid
2023-11-14 12:52:00,U16413,P118,1,425.57,Paid
2023-07-04 00:16:00,U56922,P116,2,$490.39,PENDING
06/10/2023 22:39,U55294,P102,5,$389.31,PENDING
04/10/2023 07:35,U16341,P124,2,97.66,paid
2023-01-15 07:28:00,U82879,P130,3,447.1,Paid
2023-05-13 10:47:00,U32592,P139,3,192.61,Paid
2023-01-08 00:36:00,U38189,P131,4,342.92,Pending
2023-12-14 14:50:00,U57107,P120,2,498.53,paid
02/14/2023 15:14,U74750,P143,1,379.72,Cancelled
2023-12-09 15:25:00,U20023,P139,4,$355.52,Cancelled
2023-05-02 23:47:00,U18274,P123,3,50.92,Paid
11/15/2023 20:50,U26125,P113,4,$322.1,paid
2023-03-14 05:18:00,U59034,P135,1,149.67,Paid
2023-02-04 06:24:00,,P145,2,212.22,Pending
2023-05-01 02:11:00,U49422,P110,1,320.56,Pending
2023-09-26 12:53:00,U45889,P115,4,284.44,paid
2023-03-02 13:24:00,U75557,P134,2,173.92,PENDING
2023-02-27 06:23:00,U20680,P110,2,46.27,paid
2023-12-01 15:02:00,U92863,P149,1,400.52,PENDING
12/21/2023 15:02,U49066,P121,3,55.1,PENDING
09/18/2023 15:43,U21815,P139,1,303.42,Cancelled
2023-01-26 05:27:00,U16468,P103,1,323.31,PENDING
2023-06-08 18:51:00,U98196,P139,2,117.05,PENDING
2023-08-13 02:02:00,U18446,P146,1,389.3,Paid
2023-07-02 16:30:00,U40500,P111,2,306.62,Cancelled
2023-03-01 16:41:00,U52268,P150,3,499.91,PENDING
2023-05-08 04:32:00,U60920,P136,3,41.39,Pending
2023-09-13 11:56:00,U46170,P104,3,178.21,Paid
06/28/2023 12:46,U40992,P149,1,$423.22,Cancelled
2023-04-09 00:08:00,U70062,P140,4,359.62,paid
03/15/2023 07:17,U52558,P117,5,449.1,paid
2023-01-21 01:13:00,U30724,P118,5,275.06,Paid
2023-04-15 17:18:00,U92393,P117,4,29.56,Cancelled
08/06/2023 23:50,U92947,P136,2,169.52,Pending
2023-09-03 15:09:00,U39770,P121,3,386.05,paid
12/14/2023 00:14,U13992,P100,2,458.12,PENDING
2023-01-09 10:07:00,U99430,P113,2,127.04,Pending
2023-02-16 21:10:00,U35025,P122,3,98.84,Pending
12/07/2023 17:30,U96084,P115,2,469.64,Pending
2023-04-05 08:46:00,U68475,P105,4,278.15,Cancelled
2023-04-29 15:35:00,U46351,P149,1,351.25,Cancelled
2023-11-10 11:39:00,U93837,P101,1,299.63,PENDING
2023-09-19 08:10:00,U53778,P113,3,$83.87,Cancelled
2023-09-26 06:14:00,U56798,P145,5,339.93,paid
05/04/2023 12:18,U22224,P131,5,315.79,Cancelled
2023-11-27 13:38:00,U55970,P128,2,66.73,paid
2023-11-11 13:39:00,U16162,P133,1,370.53,Cancelled
2023-07-03 12:20:00,U71157,P100,1,98.16,Paid
2023-12-15 16:37:00,U55809,P100,2,247.97,Pending
12/04/2023 22:52,U57909,P146,2,444.21,PENDING
2023-12-23 22:00:00,U84777,P138,1,87.68,Cancelled
2023-07-23 22:02:00,U27218,P116,2,264.31,paid
2023-07-04 06:51:00,,P127,1,33.96,paid
2023-02-15 03:03:00,U62637,P146,1,174.0,Pending
2023-05-06 10:39:00,U17947,P143,2,38.77,PENDING
2023-01-09 21:32:00,U57065,P144,2,352.62,paid
2023-05-06 07:43:00,U46224,P121,3,151.59,Paid
2023-03-26 09:48:00,U86494,P120,5,$289.06,Pending
2023-11-28 23:44:00,U12288,P144,1,139.06,Paid
2023-04-20 04:31:00,U70762,P135,5,$301.79,PENDING
09/15/2023 22:02,U93574,P150,2,401.3,Paid
2023-05-27 20:23:00,U69193,P119,3,352.35,Cancelled
2023-05-28 17:19:00,U75842,P127,1,147.28,PENDING
2023-09-12 09:31:00,U54489,P135,2,431.64,paid
2023-09-10 18:46:00,U37745,P138,4,60.58,paid
2023-09-01 12:17:00,U77114,P103,5,223.89,PENDING
2023-03-02 02:42:00,U62648,P113,5,441.33,paid
2023-01-29 07:35:00,U80486,P113,2,131.88,Pending
2023-01-25 03:40:00,U82196,P112,2,36.18,paid
2023-08-15 06:52:00,U24100,P103,2,250.14,paid
07/07/2023 11:31,,P116,5,17.65,Cancelled
2023-05-30 17:16:00,U75862,P128,1,52.78,paid
2023-11-18 18:06:00,U38162,P147,4,$345.67,paid
04/09/2023 14:58,U41249,P104,4,$338.6,paid
2023-01-03 23:57:00,U47274,P102,5,$357.59,Cancelled
09/03/2023 01:17,U13423,P121,4,$59.62,PENDING
12/16/2023 10:45,U56314,P129,4,31.08,Paid
2023-01-01 02:56:00,U10078,P128,3,422.72,PENDING
2023-05-27 13:58:00,U22714,P150,5,42.5,paid
2023-11-04 10:01:00,U40938,P120,4,250.5,PENDING
10/13/2023 15:48,U56677,P108,2,$223.54,paid
2023-09-26 23:30:00,U27349,P114,3,491.26,PENDING
2023-04-08 07:59:00,U84152,P127,4,180.65,Cancelled
2023-05-07 00:55:00,U46438,P118,1,170.96,paid
2023-05-15 21:48:00,U39990,P105,3,247.98,Paid
2023-02-20 13:02:00,U52512,P148,3,21.05,PENDING
2023-04-26 05:16:00,U80419,P141,1,429.68,PENDING
2023-12-03 02:33:00,U15064,P147,1,461.41,PENDING
2023-05-19 18:11:00,U99852,P112,2,37.24,PENDING
06/11/2023 22:38,U55392,P105,1,174.7,paid
07/12/2023 21:18,U19490,P110,1,359.41,Paid
2023-06-03 04:29:00,U82643,P109,3,400.61,paid
2023-05-09 05:24:00,U84188,P130,1,107.37,PENDING
2023-01-08 13:00:00,U36734,P147,5,$339.1,PENDING
2023-03-31 08:43:00,U88479,P142,1,88.6,Cancelled
08/15/2023 08:07,U71961,P129,5,436.91,paid
2023-04-17 04:31:00,U15143,P144,5,190.52,paid
05/04/2023 06:27,U54933,P128,5,498.69,Paid
04/10/2023 09:52,U30755,P107,2,203.89,PENDING
2023-08-01 20:50:00,U98421,P102,1,236.56,Cancelled
12/01/2023 22:38,U32692,P129,4,12.18,PENDING
2023-11-04 08:20:00,U97428,P131,5,114.11,Cancelled
2023-03-18 17:01:00,U41155,P148,5,12.57,paid
2023-02-12 05:51:00,,P106,3,16.61,paid
2023-02-05 05:36:00,U31600,P140,1,$68.05,Cancelled
07/29/2023 01:25,,P114,2,294.91,paid
04/30/2023 18:51,U36674,P143,4,$354.57,Pending
12/05/2023 02:34,U34011,P111,2,217.48,Cancelled
2023-02-16 02:45:00,U97692,P132,1,320.13,PENDING
04/04/2023 17:07,U73799,P120,2,65.75,paid
12/06/2023 01:30,U70218,P133,1,272.69,Paid
2023-04-17 20:18:00,U72520,P120,2,481.62,Pending
2023-02-24 01:09:00,U27111,P134,4,$301.56,Paid
2023-08-12 02:16:00,U39936,P126,5,309.95,Pending
10/14/2023 18:18,U55998,P141,2,175.31,Cancelled
2023-10-22 20:18:00,U14887,P127,1,309.51,Cancelled
2023-05-28 17:35:00,U82527,P134,3,347.66,paid
2023-12-11 21:26:00,U33937,P139,5,230.04,Cancelled
2023-01-30 09:03:00,U21927,P126,3,119.57,Cancelled
2023-04-13 08:04:00,U86204,P113,5,45.41,paid
2023-05-07 16:50:00,U96131,P109,3,141.09,Cancelled
2023-10-03 18:57:00,U21023,P123,2,149.01,paid
2023-11-02 01:52:00,,P103,4,160.5,Cancelled
04/19/2023 03:28,U79648,P133,2,426.68,Cancelled
2023-11-03 07:19:00,U98642,P141,1,261.46,Paid
2023-11-10 11:42:00,U68419,P126,1,181.65,Pending
11/10/2023 07:45,U25802,P117,1,33.19,Cancelled
2023-08-01 06:59:00,U73477,P110,4,334.75,Paid
2023-11-25 00:41:00,U29979,P125,4,271.73,PENDING
2023-09-22 18:54:00,U77026,P100,1,60.73,Cancelled
2023-02-25 04:00:00,U97500,P116,4,231.83,Pending
02/12/2023 01:48,U25528,P141,4,$87.73,Cancelled
11/05/2023 10:50,U28118,P121,4,283.15,PENDING
2023-07-10 03:27:00,U53675,P150,1,235.53,PENDING
03/24/2023 02:38,U42213,P121,3,65.58,PENDING
2023-02-18 08:44:00,U75513,P117,5,356.44,Cancelled
2023-08-09 09:01:00,U75042,P101,3,404.11,Paid
2023-05-17 00:58:00,U14355,P105,3,432.51,Paid
2023-05-20 04:37:00,U22019,P131,1,141.11,Cancelled
2023-05-06 02:57:00,U81208,P123,3,222.82,paid
05/13/2023 11:49,U32195,P118,1,$14.02,Cancelled
01/25/2023 08:57,U39293,P110,1,366.76,Pending
2023-04-19 00:00:00,U34911,P108,4,17.99,Pending
03/14/2023 21:23,U16802,P107,5,247.24,PENDING
2023-04-29 20:50:00,U98644,P147,2,$41.84,Pending
2023-05-19 13:57:00,U42278,P142,3,138.02,paid
2023-06-17 21:08:00,U79706,P150,5,180.97,Cancelled
04/08/2023 08:37,U44112,P100,3,160.39,Pending
2023-11-17 04:25:00,U64328,P106,2,285.29,Paid
2023-01-15 01:30:00,,P148,1,$126.5,paid
2023-01-27 18:02:00,U26635,P124,2,43.71,paid
03/24/2023 17:36,U66061,P117,4,173.17,Paid
2023-06-11 06:00:00,U68209,P110,1,244.9,Pending
2023-08-13 13:15:00,U29572,P130,3,391.67,Pending
2023-01-19 03:24:00,U42867,P100,5,268.51,PENDING
2023-07-19 19:15:00,U95378,P127,3,434.2,Pending
2023-02-13 07:43:00,,P107,3,$469.52,paid
04/06/2023 02:32,U82608,P138,4,159.03,Cancelled
10/30/2023 06:22,U26855,P121,4,47.61,Cancelled
01/04/2023 11:38,U33180,P100,3,479.11,Pending
2023-02-23 06:46:00,U57132,P107,4,239.69,Cancelled
2023-12-25 14:55:00,,P124,4,379.15,paid
2023-09-22 00:41:00,U87508,P148,5,$263.86,Cancelled
2023-01-15 01:05:00,U58068,P104,3,$44.8,PENDING
2023-09-30 05:01:00,U42094,P110,3,498.09,Paid
2023-04-01 23:48:00,U68649,P145,2,131.53,Pending
05/03/2023 17:08,U43571,P146,1,75.45,Pending
2023-03-20 22:53:00,U38249,P121,5,441.38,PENDING
2023-07-23 06:48:00,U63030,P130,3,$458.25,Cancelled
2023-02-13 00:57:00,U22306,P103,4,176.43,Paid
04/15/2023 01:55,U89801,P135,3,349.3,Cancelled
2023-03-05 04:40:00,U21457,P125,1,424.41,Paid
2023-11-04 16:47:00,U42816,P148,5,90.87,Paid
2023-06-08 16:13:00,U39572,P135,3,$324.03,PENDING
2023-05-05 17:43:00,U51567,P119,1,399.14,paid
2023-09-03 18:01:00,U29260,P122,3,70.69,Paid
03/19/2023 16:40,U57427,P123,4,42.5,Pending
2023-12-27 06:23:00,U82217,P114,1,402.18,Cancelled
11/10/2023 16:50,U68535,P138,5,396.6,Cancelled
10/13/2023 06:34,U37247,P137,4,87.4,Pending
04/03/2023 04:06,U97370,P112,4,386.28,Pending
08/24/2023 01:19,U88739,P114,4,168.74,PENDING
2023-11-15 04:52:00,U94713,P109,4,108.38,Paid
2023-02-28 13:01:00,U69642,P149,2,227.99,Pending
03/26/2023 06:39,U61362,P132,4,$398.59,Pending
07/25/2023 16:14,U94048,P138,5,147.48,Pending
2023-09-10 20:31:00,U50249,P134,3,172.82,PENDING
2023-06-27 18:07:00,U77465,P117,1,122.9,PENDING
2023-12-15 17:09:00,U78764,P107,3,$133.36,paid
2023-04-17 13:30:00,U10698,P140,4,466.05,PENDING
2023-10-24 11:20:00,U93868,P115,2,467.14,Paid
2023-02-27 22:12:00,U54968,P139,4,156.12,Paid
02/17/2023 07:48,U53375,P121,4,162.64,paid
2023-12-03 16:45:00,,P111,2,337.83,Pending
09/09/2023 03:42,U61455,P131,5,$277.36,Paid
2023-01-26 21:19:00,U60678,P146,1,206.4,Cancelled
2023-04-11 22:04:00,U62699,P123,5,123.25,Cancelled
2023-08-02 07:58:00,U93533,P105,3,255.63,Paid
2023-10-27 15:02:00,U77513,P142,2,430.42,Pending
2023-01-08 14:38:00,U45267,P107,2,395.09,paid
2023-10-11 20:39:00,U29715,P121,2,414.84,Cancelled
2023-10-06 11:19:00,U17516,P142,1,$160.69,Pending
2023-04-15 15:17:00,U61066,P128,1,438.79,Paid
2023-11-30 21:59:00,U80462,P139,4,$140.85,PENDING
2023-05-04 13:25:00,U57508,P116,2,212.44,Cancelled
2023-04-08 09:35:00,U89425,P102,4,446.6,Pending
2023-07-04 07:48:00,U15573,P119,3,165.05,paid
2023-07-09 06:35:00,U21423,P131,5,$485.28,PENDING
2023-10-18 04:59:00,U56219,P108,4,19.95,Cancelled
10/30/2023 00:27,U61103,P133,4,392.43,Pending
2023-10-06 01:23:00,U26840,P149,5,379.66,PENDING
02/27/2023 20:19,U32371,P143,1,71.85,paid
2023-07-30 21:45:00,U15740,P133,3,$70.75,Pending
2023-04-02 14:33:00,U23315,P147,1,159.6,PENDING
2023-05-10 23:37:00,U99968,P137,3,$325.17,Cancelled
05/01/2023 18:11,,P133,2,13.46,PENDING
2023-04-20 12:09:00,U75875,P137,5,$395.33,Cancelled
2023-06-22 13:44:00,U21065,P136,1,$215.3,Cancelled
06/20/2023 07:26,U50833,P145,3,132.37,Cancelled
2023-11-27 09:50:00,U41154,P100,3,$399.36,Pending
02/13/2023 05:55,U81436,P107,4,$45.17,PENDING
12/05/2023 12:18,U64886,P104,5,11.35,Paid
2023-03-11 16:26:00,U93364,P143,1,235.66,Paid
2023-05-01 09:30:00,U62780,P117,4,$183.74,paid
2023-10-22 12:23:00,U16435,P122,1,30.53,Cancelled
2023-01-07 08:38:00,U55495,P150,3,355.06,paid
01/03/2023 05:29,U25387,P142,3,232.17,Pending
02/12/2023 21:58,U59350,P110,1,312.73,Cancelled
2023-12-16 06:51:00,U31206,P146,5,392.46,Cancelled
2023-08-13 11:55:00,U72229,P140,5,231.27,PENDING
11/05/2023 20:06,U60359,P113,5,293.01,Pending
2023-02-18 10:44:00,U95900,P101,4,429.85,Cancelled
04/04/2023 14:39,U42978,P133,5,267.37,paid
12/25/2023 05:48,U40309,P122,2,$400.47,Pending
2023-06-14 07:05:00,U69614,P123,1,$227.22,paid
2023-05-06 13:11:00,U30623,P109,5,42.41,Cancelled
2023-08-26 03:06:00,U73235,P149,3,429.18,Cancelled
08/29/2023 13:17,U56665,P150,2,433.38,Cancelled
11/01/2023 15:19,U27286,P139,4,117.06,paid
2023-06-27 23:36:00,U46396,P110,2,$134.19,Cancelled
09/01/2023 18:06,U50031,P110,3,53.44,paid
2023-02-15 19:59:00,U46725,P118,1,29.06,Pending
2023-06-13 09:18:00,U19869,P130,3,486.73,paid
12/08/2023 08:28,U39396,P136,4,123.39,Cancelled
2023-07-24 01:24:00,U38457,P114,3,258.05,PENDING
2023-09-15 10:21:00,U35512,P144,5,314.54,PENDING
2023-08-05 05:29:00,U50296,P109,1,468.7,PENDING
2023-08-27 08:09:00,U71513,P136,5,407.81,paid
02/28/2023 20:37,U29377,P112,1,21.52,PENDING
07/14/2023 01:55,U89921,P119,2,24.06,paid
2023-04-28 02:17:00,U40547,P121,2,348.16,Pending
2023-04-22 02:29:00,U39470,P116,1,64.52,Paid
2023-12-08 14:21:00,U83417,P123,1,180.58,paid
2023-06-27 10:05:00,U76104,P129,1,451.71,paid
2023-12-21 01:52:00,U11024,P145,5,327.52,Pending
2023-04-15 02:22:00,U97264,P124,1,37.41,Pending
2023-01-14 09:04:00,U74324,P113,5,336.72,PENDING
2023-08-09 08:18:00,U79762,P120,5,159.78,PENDING
2023-10-18 21:36:00,U89574,P144,4,140.48,PENDING
2023-02-27 12:13:00,U86155,P102,4,$106.63,Cancelled
2023-09-14 18:56:00,U17525,P132,4,171.14,PENDING
2023-04-30 00:06:00,,P130,5,40.6,Cancelled
05/10/2023 02:17,U54187,P149,2,$396.52,Pending
2023-06-16 11:09:00,U34149,P146,4,$134.79,Paid
05/26/2023 14:53,U61345,P131,3,267.63,Paid
2023-02-09 20:57:00,U80072,P120,1,362.13,Pending
2023-05-13 17:14:00,U18154,P109,4,108.79,Paid
03/28/2023 05:57,U41655,P125,2,61.59,Pending
2023-10-07 20:33:00,U86019,P126,2,397.54,PENDING
07/05/2023 06:35,U62184,P150,2,453.51,paid
2023-07-12 23:29:00,U35689,P120,5,361.4,paid
2023-10-19 13:49:00,U70623,P150,4,185.31,Pending
2023-11-02 11:43:00,U10798,P115,2,$327.79,Cancelled
12/15/2023 23:14,U10495,P120,2,$417.21,PENDING
2023-06-22 16:59:00,U11477,P117,2,$364.52,PENDING
2023-11-27 15:35:00,U36108,P128,4,167.72,paid
2023-12-18 06:21:00,U42087,P118,1,209.14,PENDING
2023-05-04 08:59:00,U42762,P113,1,$440.82,Paid
04/11/2023 04:17,U55958,P106,5,$152.62,Cancelled
2023-02-11 09:46:00,U90254,P132,4,$470.21,PENDING
2023-07-09 05:56:00,U90496,P149,4,296.77,Pending
2023-11-11 07:30:00,U20791,P132,4,251.42,PENDING
2023-10-01 20:12:00,U65774,P139,2,245.71,PENDING
06/11/2023 12:05,U95836,P131,1,243.88,Pending
12/03/2023 17:55,U28321,P120,4,205.09,PENDING
2023-04-07 20:25:00,U21591,P101,3,202.23,PENDING
2023-10-30 10:54:00,U77437,P124,1,$458.01,Pending
2023-11-02 06:14:00,U78089,P103,4,34.66,Pending
2023-05-18 10:07:00,U82339,P117,5,398.66,PENDING
2023-06-20 01:09:00,U38954,P106,5,22.15,PENDING
2023-06-27 19:11:00,U83261,P148,4,$219.19,PENDING
2023-02-07 22:31:00,U59331,P138,3,$115.71,Pending
2023-04-08 02:42:00,U71393,P104,4,$230.49,paid
05/26/2023 16:06,U80700,P149,1,87.09,paid
03/27/2023 06:01,U70480,P138,2,202.69,paid
2023-11-04 07:28:00,U89656,P138,5,$81.4,Cancelled
2023-06-01 18:24:00,U59442,P113,1,334.67,paid
2023-02-16 04:23:00,U83601,P141,2,172.07,paid
12/11/2023 00:22,U83324,P116,1,310.79,paid
2023-06-17 01:34:00,,P104,1,110.33,PENDING
06/27/2023 06:33,U71120,P132,2,127.23,Pending
2023-07-12 08:29:00,U89503,P144,3,293.31,Cancelled
11/28/2023 18:23,U85892,P146,1,319.69,Pending
2023-12-25 01:00:00,U57120,P122,1,209.81,PENDING
2023-10-01 11:44:00,U47946,P138,1,48.46,Paid
2023-09-28 16:51:00,U17571,P149,4,475.75,paid
2023-07-29 20:59:00,U47964,P134,2,152.75,Cancelled
04/21/2023 09:05,U52719,P142,1,366.36,Paid
2023-04-08 02:07:00,U45578,P142,1,$16.02,Cancelled
2023-01-26 03:50:00,U22814,P136,2,187.01,Paid
03/26/2023 20:03,U28388,P120,4,110.31,PENDING
2023-01-24 20:25:00,U45421,P100,1,292.35,paid
2023-09-02 19:08:00,U23225,P118,4,26.01,Cancelled
2023-10-31 00:57:00,U91608,P108,2,$249.89,Pending
2023-02-09 14:12:00,U30748,P139,2,393.52,PENDING
09/30/2023 01:35,U54121,P143,3,364.72,Paid
2023-09-18 07:26:00,U81267,P149,1,127.29,Pending
02/19/2023 15:48,,P114,5,97.96,paid
2023-10-27 22:37:00,U52106,P142,3,368.01,Pending
2023-08-01 02:19:00,U87329,P132,5,449.13,Cancelled
2023-08-20 04:57:00,U26095,P132,4,$469.16,PENDING
2023-02-15 13:05:00,U31347,P135,2,$485.57,Paid
2023-01-24 20:19:00,U22246,P147,4,285.6,PENDING
01/13/2023 02:31,U69774,P100,3,124.16,Pending
2023-08-05 23:23:00,U16087,P138,1,$179.56,Pending
10/14/2023 08:37,,P142,5,388.71,PENDING
2023-10-13 08:15:00,U26706,P101,5,188.33,paid
2023-03-13 01:19:00,U92962,P108,2,70.11,Pending
03/02/2023 06:14,U76904,P115,2,459.69,paid
11/17/2023 23:08,U32155,P100,3,$345.36,Cancelled
2023-08-13 21:33:00,U94252,P105,3,314.28,PENDING
2023-11-21 12:11:00,U80083,P101,3,70.74,Cancelled
