user_id,registration_date,campaign_join_date,age,gender,device,total_spent,purchases,has_coupon,churn
user_0000,05/10/2022,2022-06-25,51.0,Male,Desktop,597.4632966437823,8.0,False,False
user_0001,2022-12-31,04/15/2023,33.0,Male,Mobile,427.77817615641084,5.0,False,False
user_0002,2022-11-10,2023-01-05,61.0,Male,Mobile,564.151971623228,1.0,False,False
user_0003,2020-05-01,2020-10-11,57.0,Female,Mobile,332.032425843922,9.0,False,False
user_0004,2021-04-11,08/16/2021,35.0,Female,Desktop,634.82778700156,5.0,False,False
user_0005,2020-11-26,10/30/2021,51.0,nan,Mobile,399.87939906733584,1.0,False,False
user_0006,2020-03-28,10/16/2020,42.0,Male,Mobile,275.69808793992524,7.0,False,False
user_0007,05/21/2022,12/26/2022,62.0,Female,Desktop,507.56388716641703,3.0,False,False
user_0008,05/10/2020,2020-08-11,23.0,Female,Desktop,117.37676713106237,4.0,False,False
user_0009,2022-02-08,2023-01-13,38.0,Male,Mobile,794.8740143992014,7.0,True,False
user_0010,2020-12-09,2021-11-10,23.0,Male,Mobile,659.4197993823398,7.0,False,False
user_0011,03/16/2022,,49.0,Female,Desktop,567.3939700495605,5.0,False,False
user_0012,2021-01-20,2021-03-19,58.0,nan,Tablet,175.26305092104997,3.0,False,False
user_0013,2022-08-13,07/04/2023,65.0,Female,Desktop,359.96196338531706,0.0,True,False
user_0014,2020-10-03,2021-04-14,60.0,Male,Mobile,508.1116869743704,6.0,False,False
user_0015,2021-04-04,2022-02-22,56.0,Female,Mobile,447.37904579495853,7.0,True,False
user_0016,2020-01-22,2020-12-26,48.0,Male,Desktop,162.2870069105055,8.0,False,False
user_0017,09/09/2020,2021-01-27,59.0,Female,Desktop,236.71419889277178,1.0,False,False
user_0018,2022-01-17,2022-04-25,27.0,Female,Mobile,443.3811206172843,0.0,False,True
user_0019,2022-05-06,2023-02-09,47.0,Male,Mobile,243.3421202832335,3.0,True,False
user_0020,04/19/2021,,69.0,Female,Desktop,774.2774647766523,4.0,True,False
user_0021,2022-12-18,2023-08-31,35.0,Male,Mobile,,9.0,True,False
user_0022,2021-05-25,01/10/2022,,nan,Mobile,339.3071781521938,0.0,True,False
user_0023,2021-11-30,03/12/2022,69.0,Male,Mobile,733.8309656031427,4.0,False,False
user_0024,2022-09-02,,26.0,Male,Mobile,693.5413177347378,5.0,False,False
user_0025,07/08/2020,03/11/2021,48.0,Male,Mobile,557.7916712773839,2.0,False,False
user_0026,2022-08-15,2022-12-26,32.0,Male,Desktop,492.08275330720915,6.0,False,False
user_0027,2021-11-17,2022-01-24,21.0,Male,Mobile,,5.0,True,False
user_0028,2022-08-15,,57.0,Female,Mobile,392.01225844366866,3.0,True,False
user_0029,07/16/2021,,26.0,Female,Mobile,232.64161615842926,2.0,True,False
user_0030,2022-04-11,,62.0,Female,Mobile,805.6657510195998,4.0,False,False
user_0031,2021-10-08,2022-02-16,26.0,Male,Mobile,395.89735624575667,2.0,False,False
user_0032,01/21/2020,2020-11-20,43.0,Female,Mobile,,9.0,True,False
user_0033,04/20/2022,2023-03-20,,Male,Desktop,317.9504287398762,8.0,True,False
user_0034,2020-06-15,2021-06-09,34.0,Female,Mobile,448.109896678134,8.0,False,False
user_0035,2021-01-22,12/20/2021,33.0,Male,Mobile,1070.1554847739485,5.0,False,False
user_0036,2021-08-23,,32.0,nan,Mobile,354.8004192509545,5.0,False,False
user_0037,2020-11-11,08/31/2021,52.0,Female,Mobile,789.7191549083102,3.0,False,False
user_0038,2020-01-14,2020-05-03,69.0,Female,Desktop,494.43889656922016,3.0,True,False
user_0039,2020-08-29,2021-04-13,22.0,Male,Mobile,635.9876926989291,1.0,False,False
user_0040,02/15/2022,2022-06-13,22.0,Male,Tablet,748.9160510792503,,False,False
user_0041,2021-07-18,10/14/2021,37.0,Male,Mobile,554.4534768811995,3.0,False,False
user_0042,06/16/2022,08/10/2022,32.0,Female,Desktop,429.658568723942,7.0,False,False
user_0043,2020-04-01,,35.0,nan,Mobile,462.78180434351214,9.0,False,False
user_0044,08/13/2022,2023-03-29,64.0,Male,Desktop,469.51430367073243,1.0,True,False
user_0045,05/23/2021,03/30/2022,19.0,Female,Mobile,872.8741113830825,8.0,False,False
user_0046,2022-02-14,11/20/2022,46.0,Female,Mobile,203.17484456792187,0.0,True,True
user_0047,02/04/2020,2021-02-02,30.0,Female,Desktop,145.85460844144143,1.0,True,False
user_0048,2020-07-24,01/06/2021,21.0,Male,Desktop,159.1894165604465,1.0,False,False
user_0049,10/22/2022,2023-10-14,59.0,Male,Mobile,321.2137132855154,5.0,True,False
user_0050,2022-10-18,06/19/2023,62.0,Male,Mobile,640.0166154396725,6.0,False,False
user_0051,2021-07-19,03/28/2022,27.0,Female,Mobile,652.2838584808395,2.0,False,False
user_0052,12/03/2021,2022-04-14,48.0,Female,Desktop,378.49947171865847,8.0,True,False
user_0053,02/05/2021,,58.0,Female,Mobile,494.30169446803205,,False,False
user_0054,2021-12-30,2022-05-16,25.0,nan,Mobile,276.74027298243305,4.0,False,False
user_0055,2020-06-10,2020-10-15,20.0,Female,Desktop,295.2895425187264,3.0,False,False
user_0056,2020-07-20,2021-02-05,65.0,Female,Desktop,615.973367802309,8.0,False,False
user_0057,2022-09-22,04/22/2023,63.0,Female,Desktop,709.5368122216795,7.0,False,False
user_0058,2020-09-26,2020-12-03,26.0,Male,Desktop,404.63623511397145,,False,False
user_0059,03/26/2022,04/28/2022,,nan,Desktop,827.0030241661607,3.0,False,False
user_0060,2021-03-31,2021-11-25,28.0,Female,Mobile,693.1210697572219,1.0,False,False
user_0061,2022-10-13,2023-02-27,52.0,Male,Mobile,818.3451704511101,8.0,False,True
user_0062,2020-10-22,2021-09-27,54.0,Male,Desktop,439.81238618101634,2.0,False,True
user_0063,2021-12-20,2022-02-21,59.0,Male,Mobile,804.1372491265291,3.0,True,True
user_0064,2020-12-03,,30.0,Female,Tablet,935.908527995155,6.0,False,False
user_0065,2022-05-28,11/14/2022,53.0,Female,Mobile,417.4964933287962,9.0,False,False
user_0066,2022-12-12,04/16/2023,30.0,nan,Mobile,469.16619232638277,7.0,False,False
user_0067,2022-03-02,2022-05-09,29.0,nan,Tablet,310.4562995187202,7.0,False,False
user_0068,2020-08-04,,54.0,Male,Desktop,271.15698076783445,3.0,True,True
user_0069,02/02/2022,,27.0,Male,Mobile,273.48973174674103,6.0,True,False
user_0070,07/06/2020,,26.0,Male,Desktop,337.7067736425415,9.0,True,False
user_0071,2021-01-14,,69.0,Female,Desktop,554.9475957971142,0.0,True,False
user_0072,2021-05-07,2022-03-04,24.0,Male,Mobile,346.16009211572975,5.0,False,False
user_0073,11/30/2022,2023-08-25,19.0,Female,Mobile,548.8325109173736,5.0,False,False
user_0074,01/15/2020,04/18/2020,40.0,Female,Desktop,552.9690302389905,5.0,False,False
user_0075,03/05/2020,2020-04-06,56.0,Male,Desktop,405.9751212251242,1.0,True,False
user_0076,06/04/2021,12/08/2021,57.0,Male,Mobile,487.472579086139,7.0,False,False
user_0077,2021-10-09,2022-04-02,56.0,nan,Desktop,394.41752146273745,4.0,False,False
user_0078,2022-12-22,2023-06-22,38.0,nan,Desktop,437.85204534470955,4.0,False,False
user_0079,2021-08-15,2021-11-25,40.0,Male,Mobile,338.22740510715704,1.0,False,False
user_0080,2021-01-26,07/14/2021,46.0,Female,Desktop,516.8209379565633,,True,False
user_0081,02/22/2021,2022-01-10,31.0,nan,Mobile,379.8908269080334,8.0,False,False
user_0082,10/15/2020,2021-05-30,43.0,Male,Mobile,266.7868248124409,8.0,False,False
user_0083,2021-01-13,2021-12-27,68.0,Male,Desktop,618.6857777697074,5.0,True,False
user_0084,2020-08-18,2020-09-27,22.0,Male,Desktop,625.4582402570927,8.0,True,False
user_0085,2022-10-14,2023-06-26,48.0,Female,Desktop,722.3397071288214,3.0,True,False
user_0086,02/10/2020,2020-05-01,42.0,Male,Mobile,295.1205250791643,0.0,True,False
user_0087,2022-11-17,,48.0,Male,Mobile,403.81453865780264,1.0,False,False
user_0088,2020-05-14,2020-08-14,67.0,Male,Mobile,546.0990810179446,0.0,False,True
user_0089,2020-07-19,04/17/2021,37.0,Female,Mobile,399.592024637548,7.0,True,False
user_0090,2022-02-18,02/12/2023,61.0,nan,Mobile,614.1823967615644,8.0,False,False
user_0091,2022-07-18,,34.0,Female,Mobile,599.5865774967872,9.0,False,False
user_0092,2022-11-22,2023-08-19,62.0,Female,Mobile,595.8590712382132,5.0,True,True
user_0093,12/07/2022,09/24/2023,19.0,Female,Desktop,791.9334466608528,,True,False
user_0094,05/17/2021,2021-08-08,42.0,Male,Mobile,628.8154148916899,5.0,True,False
user_0095,02/10/2021,2021-09-04,30.0,Male,Mobile,530.7782222962853,8.0,False,False
user_0096,2022-03-15,2022-05-03,56.0,nan,Mobile,,2.0,True,True
user_0097,2020-04-08,2020-07-07,45.0,Male,Mobile,,8.0,False,False
user_0098,2021-11-14,2022-06-09,59.0,Male,Mobile,287.1579692319853,1.0,False,False
user_0099,12/26/2021,2022-06-18,23.0,Female,Mobile,146.85796260999575,4.0,False,False
user_0100,2022-08-18,02/23/2023,20.0,Male,Desktop,592.7512255462127,1.0,True,True
user_0101,2021-09-04,2022-06-29,52.0,Male,Mobile,744.7265875126132,6.0,False,False
user_0102,2021-10-04,01/30/2022,35.0,nan,Desktop,433.9770153394527,9.0,False,False
user_0103,2022-10-25,2023-03-01,28.0,Female,Tablet,817.4188318065194,8.0,False,False
user_0104,2021-05-17,2022-05-04,37.0,Male,Desktop,464.69751338370594,6.0,False,False
user_0105,2022-02-05,2022-04-04,22.0,nan,Mobile,109.24560377739823,4.0,False,False
user_0106,02/01/2021,10/14/2021,36.0,Female,Tablet,683.6498507459205,3.0,False,False
user_0107,2022-05-20,2022-06-27,39.0,Female,Mobile,404.142352552371,3.0,False,False
user_0108,03/05/2022,2022-04-28,36.0,Male,Mobile,701.7557355040028,9.0,False,False
user_0109,01/27/2021,10/09/2021,,Male,Desktop,244.494503213672,7.0,True,False
user_0110,07/25/2020,09/30/2020,33.0,Female,Desktop,582.40883242953,9.0,False,False
user_0111,2022-11-04,05/28/2023,41.0,Female,Mobile,339.90778329113755,9.0,False,False
user_0112,2022-06-10,2022-08-15,,Female,Mobile,,9.0,False,False
user_0113,2022-05-13,03/22/2023,21.0,Male,Mobile,653.3213389150712,9.0,True,False
user_0114,01/12/2022,,32.0,Male,Mobile,606.8802002587771,9.0,False,False
user_0115,2021-07-17,2021-09-24,42.0,Female,Mobile,513.8735666060186,0.0,False,False
user_0116,2022-10-17,2023-09-29,61.0,Male,Tablet,224.30817875755542,4.0,True,False
user_0117,2020-04-05,2020-11-06,52.0,Female,Tablet,646.0688361103531,1.0,True,True
user_0118,2021-04-29,07/07/2021,31.0,Male,Desktop,706.28608759912,8.0,False,False
user_0119,08/18/2020,2021-05-11,66.0,Male,Mobile,291.4005951686915,6.0,False,True
user_0120,2022-01-18,2022-09-20,36.0,Female,Desktop,320.7941571388001,9.0,False,False
user_0121,2021-06-24,2022-01-07,55.0,Female,Tablet,714.7114716065823,7.0,True,False
user_0122,11/25/2022,2023-02-21,53.0,Male,Desktop,458.31168748614675,5.0,False,False
user_0123,2021-06-08,2021-12-23,24.0,Male,Mobile,325.9773325188837,8.0,False,False
user_0124,2021-07-31,2021-10-13,47.0,Female,Mobile,554.5108827038546,5.0,False,False
user_0125,2021-11-12,2022-05-30,36.0,Male,Mobile,372.2951224091163,6.0,False,False
user_0126,07/10/2021,2022-01-10,66.0,Female,Mobile,532.2084262811962,6.0,False,False
user_0127,10/09/2022,11/14/2022,42.0,nan,Desktop,417.3586658307304,8.0,False,False
user_0128,10/07/2021,12/20/2021,33.0,Male,Desktop,9055.076874660346,7.0,True,False
user_0129,2022-03-06,05/05/2022,64.0,nan,Mobile,722.0794767714904,0.0,False,True
user_0130,2022-11-17,2023-05-25,57.0,Male,Mobile,6.295063974998641,3.0,False,False
user_0131,07/08/2020,2021-01-11,68.0,Female,Mobile,610.9501508870488,6.0,False,False
user_0132,2021-09-24,2022-01-13,25.0,Male,Mobile,689.0901556532988,7.0,False,False
user_0133,2021-09-19,2022-05-12,35.0,nan,Mobile,375.601171764469,6.0,False,False
user_0134,08/30/2022,2022-10-10,45.0,Male,Desktop,687.5530708726301,2.0,True,False
user_0135,2021-12-10,,33.0,Male,Mobile,308.1952066318352,3.0,True,False
user_0136,2021-10-10,2021-12-24,69.0,nan,Desktop,368.0032908672745,6.0,False,False
user_0137,11/13/2020,2021-08-02,36.0,Female,Mobile,344.96659128179306,7.0,False,False
user_0138,11/14/2021,2022-07-24,,Female,Mobile,690.2584327205169,6.0,False,False
user_0139,2021-10-25,05/05/2022,34.0,Male,Mobile,151.0104626664334,5.0,True,False
user_0140,2021-03-17,06/28/2021,62.0,Female,Desktop,828.0294452051149,8.0,False,False
user_0141,2021-07-17,06/30/2022,,Male,Mobile,439.01228677722213,,True,False
user_0142,2022-08-09,2023-08-08,,Male,Desktop,622.9824308314711,6.0,True,False
user_0143,11/29/2021,2022-10-02,44.0,Female,Mobile,605.7415842727462,7.0,False,False
user_0144,04/22/2020,2021-01-18,27.0,Male,Desktop,530.2463576413038,5.0,False,False
user_0145,2020-01-02,08/10/2020,51.0,nan,Desktop,379.862787704488,0.0,False,True
user_0146,10/03/2021,2022-05-13,53.0,nan,Mobile,748.4745125855709,0.0,True,False
user_0147,08/07/2020,,42.0,Female,Desktop,397.02974685577914,5.0,False,False
user_0148,2022-05-04,,23.0,Female,Mobile,353.7502684558191,1.0,False,True
user_0149,2021-01-19,2021-11-14,41.0,Female,Desktop,675.5420567047066,7.0,False,False
user_0150,2022-12-12,10/22/2023,35.0,Male,Mobile,529.149923907374,0.0,False,False
user_0151,2021-12-30,2022-10-06,40.0,Female,Mobile,771.5643150232402,1.0,False,True
user_0152,09/03/2020,10/09/2020,23.0,Male,Desktop,487.46658170890004,7.0,False,False
user_0153,2022-04-15,,46.0,Male,Desktop,369.8249254608507,5.0,False,False
user_0154,07/21/2020,2020-11-06,42.0,Female,Mobile,554.9486946047797,9.0,False,False
user_0155,2020-05-02,2020-07-28,34.0,Female,Desktop,410.4765687825193,1.0,True,False
user_0156,2021-02-04,,63.0,Female,Mobile,375.6154977388589,1.0,False,False
user_0157,2022-02-05,10/18/2022,41.0,Male,Mobile,666.3776387311748,6.0,True,False
user_0158,2020-10-20,02/25/2021,28.0,Female,Desktop,866.3110134550055,4.0,True,False
user_0159,2020-10-06,2020-12-13,43.0,Male,Mobile,450.7076416163019,4.0,True,False
user_0160,06/02/2022,2023-04-12,68.0,Female,Mobile,305.0517627428139,7.0,False,False
user_0161,2020-07-16,2021-05-29,51.0,Female,Desktop,469.30873002003625,6.0,False,False
user_0162,2022-09-08,,45.0,Female,Mobile,602.9602459791847,8.0,False,False
user_0163,01/21/2022,2022-03-13,20.0,Male,Desktop,551.4959056954941,3.0,False,False
user_0164,2020-05-23,2021-01-02,28.0,Male,Mobile,738.8463388943424,9.0,True,False
user_0165,2021-08-31,2022-05-23,55.0,Male,Mobile,633.01796765514,3.0,False,False
user_0166,07/05/2020,,31.0,Female,Mobile,279.31810637801823,1.0,True,False
user_0167,2021-04-08,2022-03-06,68.0,nan,Desktop,401.33632987184495,2.0,False,True
user_0168,2021-10-21,2022-02-11,43.0,Male,Desktop,,0.0,False,False
user_0169,2022-02-02,2022-11-15,65.0,Female,Mobile,728.9358691260376,0.0,True,False
user_0170,2022-08-12,2022-09-25,38.0,Female,Mobile,101.62254694571982,6.0,True,True
user_0171,2021-02-06,2021-08-17,56.0,Female,Tablet,243.3335338755375,4.0,False,False
user_0172,2020-05-26,,47.0,Female,Mobile,397.6395067989654,2.0,False,False
user_0173,2022-05-13,2022-06-23,25.0,Female,Desktop,612.7834806209634,6.0,False,False
user_0174,05/03/2021,12/26/2021,,Male,Mobile,395.66931725886974,1.0,False,False
user_0175,2022-07-17,2022-10-14,37.0,Male,Desktop,426.9541172571016,2.0,False,False
user_0176,2021-07-04,2021-12-25,65.0,Male,Mobile,430.89442534546,,False,False
user_0177,12/03/2020,,49.0,nan,Desktop,534.5565244716493,7.0,True,False
user_0178,2022-05-21,07/16/2022,39.0,nan,Desktop,255.89769294599964,1.0,True,True
user_0179,2021-10-02,2022-05-18,24.0,Female,Mobile,310.5645903903906,6.0,False,False
user_0180,04/17/2021,2021-11-13,26.0,Male,Mobile,836.1847397591782,8.0,False,False
user_0181,2020-05-30,08/13/2020,62.0,Male,Desktop,580.4798194394023,5.0,True,False
user_0182,2020-09-19,2021-05-28,18.0,Male,Desktop,652.1564343705691,1.0,True,False
user_0183,2020-05-23,03/21/2021,46.0,Male,Mobile,511.60570629104336,1.0,True,False
user_0184,12/11/2020,08/25/2021,25.0,Female,Mobile,471.94395035145203,8.0,True,False
user_0185,09/15/2021,2022-08-29,21.0,nan,Desktop,591.426189219056,9.0,True,False
user_0186,2022-10-13,2023-03-08,52.0,nan,Mobile,645.5227367352265,7.0,False,False
user_0187,2022-05-30,09/08/2022,20.0,Female,Desktop,669.2151349383438,8.0,False,False
user_0188,01/02/2020,2020-08-23,62.0,Male,Mobile,474.68808803613194,3.0,False,False
user_0189,2022-06-15,2023-04-17,57.0,Male,Desktop,691.0753112556642,3.0,False,False
user_0190,09/10/2020,,24.0,Male,Tablet,6.756642234075741,1.0,False,False
user_0191,2021-03-28,07/30/2021,44.0,Female,Tablet,678.4574019450243,9.0,False,False
user_0192,2022-11-26,01/05/2023,18.0,Female,Mobile,414.6188086512396,0.0,False,False
user_0193,2022-10-11,2023-08-25,44.0,Male,Desktop,610.6764892603394,9.0,False,False
user_0194,01/09/2020,10/31/2020,33.0,Male,Mobile,370.1344548608273,3.0,False,False
user_0195,2022-03-26,2022-07-21,55.0,Male,Mobile,234.6610939844445,9.0,False,True
user_0196,07/26/2020,2020-11-08,24.0,Male,Mobile,567.9408062633336,9.0,False,False
user_0197,2021-02-07,2021-08-15,61.0,Female,Mobile,199.69389533576015,7.0,False,False
user_0198,2020-05-31,,40.0,Male,Tablet,420.0645143554586,1.0,False,False
user_0199,02/23/2020,06/23/2020,58.0,Female,Mobile,337.5140617791695,7.0,False,False
user_0200,09/19/2021,2022-05-08,28.0,Female,Desktop,464.9934923413047,0.0,True,False
user_0201,2021-08-09,2022-05-07,59.0,Female,Desktop,659.4418239194545,0.0,False,False
user_0202,2020-04-13,2020-05-14,50.0,Male,Desktop,402.0309429091018,3.0,False,False
user_0203,2020-09-10,05/30/2021,67.0,Male,Mobile,562.9155094825223,6.0,True,True
user_0204,05/24/2021,09/07/2021,53.0,Female,Mobile,647.8692076454176,8.0,False,False
user_0205,2020-04-08,,54.0,Male,Desktop,378.5489898412426,4.0,False,False
user_0206,2020-06-01,2021-01-10,58.0,Male,Mobile,381.4492942561795,1.0,True,False
user_0207,2022-07-02,2022-10-29,34.0,Female,Mobile,773.865780440042,6.0,False,False
user_0208,2022-05-27,11/15/2022,52.0,Female,Mobile,6838.290230295542,1.0,True,False
user_0209,2020-12-03,2021-11-02,65.0,Female,Mobile,601.8277586263749,8.0,False,False
user_0210,2022-04-01,03/13/2023,22.0,Male,Desktop,600.3122184718449,8.0,False,False
user_0211,2022-08-14,2022-09-21,65.0,Female,Mobile,260.4024787844044,2.0,False,False
user_0212,2020-06-09,2021-02-16,49.0,Male,Mobile,347.82482476560097,7.0,False,False
user_0213,2022-03-11,2022-10-30,20.0,Male,Mobile,575.069472708004,3.0,False,False
user_0214,02/01/2021,2021-08-27,69.0,Female,Mobile,86.5370226552713,2.0,False,False
user_0215,2022-03-26,2022-07-17,64.0,Female,Mobile,457.7404765923151,0.0,False,False
user_0216,2021-02-04,2021-11-11,52.0,nan,Mobile,326.94322552144354,4.0,False,False
user_0217,2021-10-01,2022-01-22,69.0,Female,Mobile,722.1012283953307,3.0,False,False
user_0218,11/22/2022,2023-10-31,31.0,nan,Desktop,569.2230906309899,0.0,False,False
user_0219,11/18/2021,2021-12-20,65.0,nan,Mobile,738.2492594781354,9.0,True,False
user_0220,2021-04-04,,48.0,Female,Mobile,492.1750732893294,7.0,False,False
user_0221,08/12/2022,09/24/2022,48.0,Female,Mobile,477.2221614465955,7.0,True,False
user_0222,2021-04-14,,34.0,Female,Mobile,,7.0,False,False
user_0223,11/11/2022,,41.0,nan,Tablet,399.38612008898156,2.0,False,False
user_0224,01/19/2022,03/14/2022,69.0,Female,Mobile,1036.931267811197,5.0,True,False
user_0225,02/07/2020,2020-07-07,40.0,Male,Mobile,661.4339031586444,6.0,True,False
user_0226,08/17/2020,2021-05-11,35.0,Female,Mobile,286.76229081264347,8.0,True,False
user_0227,2021-07-16,2022-03-23,67.0,Male,Tablet,1027.8617738324358,4.0,False,False
user_0228,03/13/2021,10/11/2021,31.0,Male,Mobile,419.0040129995454,8.0,False,False
user_0229,2020-01-27,,67.0,Male,Desktop,564.2304000353712,5.0,False,False
user_0230,2020-08-13,2021-04-10,32.0,Female,Mobile,687.9194743743731,9.0,False,False
user_0231,2022-03-08,2023-02-12,32.0,Female,Tablet,,9.0,True,False
user_0232,2020-10-10,2021-03-19,,Male,Desktop,334.53463967018024,9.0,False,False
user_0233,2022-05-28,,44.0,Male,Mobile,829.632964914138,3.0,False,False
user_0234,2022-08-17,2022-12-17,32.0,Male,Mobile,455.0342673327209,0.0,False,False
user_0235,03/28/2021,2021-11-19,67.0,Female,Mobile,699.7340233521744,0.0,True,False
user_0236,2022-10-16,2023-10-12,53.0,Male,Mobile,409.3063118707309,9.0,False,False
user_0237,2022-03-26,2022-11-23,25.0,Male,Mobile,480.9880789026316,4.0,False,False
user_0238,2021-10-20,12/12/2021,32.0,Male,Mobile,857.0513732153,2.0,False,False
user_0239,2021-06-30,2021-08-02,20.0,Female,Mobile,587.5024484596046,4.0,False,False
user_0240,2022-12-08,2023-01-26,64.0,Male,Mobile,431.0304466138003,4.0,False,False
user_0241,2020-01-17,2020-04-05,30.0,Female,Mobile,363.32730783943043,0.0,False,False
user_0242,2020-06-06,10/09/2020,58.0,Male,Mobile,381.6249215173593,7.0,True,False
user_0243,2021-04-21,2022-01-25,,Female,Mobile,,4.0,False,False
user_0244,12/05/2022,2023-08-19,41.0,Male,Tablet,653.099661727784,4.0,False,False
user_0245,2021-06-01,03/19/2022,57.0,Female,Mobile,270.26467358528174,8.0,True,False
user_0246,04/08/2020,2021-01-05,49.0,Male,Desktop,,7.0,False,False
user_0247,2022-11-26,2023-08-28,49.0,Female,Mobile,486.6367056387989,0.0,False,False
user_0248,2020-10-06,2021-03-15,47.0,nan,Mobile,563.2185539136588,2.0,False,False
user_0249,05/11/2021,2021-07-19,69.0,nan,Mobile,379.285776171726,6.0,False,True
user_0250,10/28/2020,07/09/2021,66.0,Female,Mobile,719.5611223298847,0.0,False,False
user_0251,06/29/2020,2020-08-05,30.0,Female,Desktop,499.73214454279497,0.0,False,False
user_0252,2021-08-29,12/23/2021,,Female,Desktop,574.6873035170819,4.0,True,False
user_0253,2021-11-30,2022-01-12,51.0,Female,Mobile,343.06195517713684,8.0,False,False
user_0254,2022-09-19,2023-08-07,32.0,Male,Tablet,353.13737246588755,5.0,True,False
user_0255,2020-07-09,2020-09-17,61.0,Female,Mobile,1031.50222185338,9.0,True,False
user_0256,2020-09-09,08/20/2021,31.0,Male,Tablet,860.0159904853366,1.0,False,False
user_0257,2022-09-07,2022-10-20,46.0,Male,Tablet,486.06376742341763,8.0,False,False
user_0258,2022-07-16,2022-11-06,51.0,Male,Mobile,806.6007901453879,5.0,False,False
user_0259,2020-05-07,2021-04-27,35.0,Male,Mobile,,4.0,True,False
user_0260,2020-01-18,2020-03-15,24.0,Female,Mobile,374.95779419017214,4.0,False,False
user_0261,07/19/2021,2022-04-03,46.0,Male,Desktop,355.013359719573,2.0,True,False
user_0262,2021-07-23,,48.0,Male,Mobile,633.7353250702635,5.0,False,False
user_0263,2021-11-16,2022-05-28,42.0,Male,Tablet,552.0121276225644,3.0,False,False
user_0264,09/17/2021,2022-08-15,55.0,Female,Desktop,419.5990767322559,9.0,True,False
user_0265,2022-05-03,06/11/2022,31.0,Female,Mobile,644.2453087497476,1.0,False,False
user_0266,08/19/2022,,25.0,Male,Mobile,211.50341488141066,2.0,True,False
user_0267,06/03/2020,10/03/2020,44.0,Male,Desktop,523.0003055704915,8.0,False,False
user_0268,2021-05-04,2022-02-14,19.0,Male,Mobile,252.21526928744882,8.0,False,False
user_0269,02/23/2022,2022-12-13,34.0,nan,Desktop,,5.0,False,False
user_0270,2020-09-02,2020-10-02,54.0,Female,Mobile,358.6470420695187,9.0,False,False
user_0271,2022-11-28,2023-10-07,,Female,Mobile,572.6574552687977,9.0,False,False
user_0272,01/28/2022,,42.0,Male,Mobile,364.9525982230739,8.0,True,False
user_0273,2021-06-21,02/09/2022,47.0,Female,Desktop,256.3782784099236,3.0,True,False
user_0274,07/09/2022,2022-12-05,46.0,Female,Mobile,595.4498405353893,4.0,False,False
user_0275,2021-02-11,08/15/2021,37.0,Male,Desktop,798.5494088882072,9.0,False,False
user_0276,2021-06-08,10/23/2021,38.0,Male,Mobile,627.7700868404024,5.0,True,False
user_0277,04/07/2022,2023-04-05,39.0,Male,Desktop,860.3597449187292,8.0,False,False
user_0278,06/21/2022,,52.0,Female,Mobile,781.8356787205176,4.0,False,True
user_0279,2020-02-05,03/25/2020,54.0,Female,Mobile,402.5143574980129,7.0,False,False
user_0280,2021-11-15,,33.0,Female,Desktop,626.431963872822,0.0,False,False
user_0281,01/20/2020,2020-03-24,67.0,Female,Mobile,481.6738412889686,4.0,False,False
user_0282,2020-11-16,08/17/2021,66.0,Male,Mobile,,9.0,False,False
user_0283,2021-05-26,,60.0,Female,Mobile,481.63768854728585,0.0,True,False
user_0284,2021-02-03,2021-08-30,34.0,Female,Desktop,342.2606981581467,9.0,False,False
user_0285,2021-10-15,,33.0,Male,Tablet,774.6811884700508,5.0,True,False
user_0286,2022-08-29,2023-03-27,,Female,Mobile,563.5591101446739,6.0,True,False
user_0287,2021-04-15,01/20/2022,21.0,Male,Mobile,367.29406573815373,4.0,False,False
user_0288,2022-04-13,,38.0,Male,Desktop,400.25473998523535,0.0,False,False
user_0289,2021-12-27,2022-11-27,56.0,Female,Mobile,366.0158711123032,5.0,True,False
user_0290,05/03/2022,2022-07-10,51.0,Female,Tablet,299.65051345805676,9.0,False,False
user_0291,2020-02-20,2020-09-14,47.0,Female,Mobile,404.49693155128983,4.0,False,False
user_0292,2021-07-28,06/16/2022,23.0,Male,Tablet,574.6042427462413,5.0,True,False
user_0293,2020-05-29,2020-10-31,34.0,Female,Desktop,512.812134037236,9.0,False,False
user_0294,2020-11-09,2021-07-30,56.0,Female,Desktop,412.3566127235682,6.0,False,False
user_0295,2021-07-23,2021-08-29,42.0,Female,Desktop,799.1014937594448,6.0,True,False
user_0296,2020-10-31,2021-04-07,22.0,nan,Mobile,97.87330522407223,1.0,False,False
user_0297,2021-11-12,2022-05-17,22.0,Female,Mobile,561.2271830311421,2.0,False,False
user_0298,2022-04-17,2022-05-21,37.0,Male,Mobile,471.44814903648125,5.0,False,False
user_0299,12/13/2022,2023-07-05,33.0,Female,Desktop,305.9637540407039,2.0,False,False
user_0300,2022-09-29,2023-09-04,68.0,Male,Desktop,572.8908691575435,1.0,True,False
user_0301,2021-03-19,2021-08-09,58.0,Male,Desktop,456.050357527769,3.0,False,False
user_0302,09/04/2021,2021-10-29,54.0,Male,Mobile,749.4146932427788,4.0,True,False
user_0303,2022-09-19,2023-06-07,,nan,Mobile,673.6130484822933,9.0,False,False
user_0304,2020-09-20,2021-09-12,26.0,Male,Mobile,881.2261472747971,8.0,False,False
user_0305,2022-12-12,10/26/2023,22.0,Female,Desktop,403.3364138972015,2.0,True,False
user_0306,09/30/2022,2023-08-12,59.0,Male,Mobile,779.3108979495031,2.0,False,False
user_0307,01/05/2020,2020-03-27,19.0,Female,Mobile,266.82904639691577,5.0,True,False
user_0308,2022-02-12,2022-06-11,26.0,Female,Desktop,477.87270014488416,4.0,False,False
user_0309,05/26/2022,2023-01-02,60.0,Female,Mobile,406.9505894731457,5.0,False,False
user_0310,2022-09-18,,53.0,Male,Mobile,620.4890825818818,6.0,True,False
user_0311,2022-06-02,2022-12-17,39.0,Female,Mobile,615.6551596487104,,False,False
user_0312,02/16/2020,2020-12-10,,nan,Desktop,319.8760813544057,4.0,False,False
user_0313,2022-05-16,08/30/2022,39.0,Female,Mobile,631.6384347968833,7.0,True,False
user_0314,2022-04-02,2023-03-21,51.0,Female,Desktop,423.9021834312216,3.0,False,False
user_0315,2022-07-24,2022-12-02,46.0,nan,Mobile,336.64052800966124,9.0,False,False
user_0316,2021-10-17,2022-02-25,,Male,Desktop,497.64372757153455,1.0,False,False
user_0317,2020-09-25,2021-01-14,63.0,Female,Mobile,204.6311677274964,3.0,False,True
user_0318,2021-01-04,2021-11-08,50.0,Female,Mobile,686.2612699977543,1.0,False,False
user_0319,2021-09-27,2022-09-22,35.0,Male,Desktop,488.87583791165594,2.0,False,False
user_0320,2021-10-18,09/22/2022,24.0,Female,Desktop,493.2508756403919,3.0,False,False
user_0321,2020-04-29,12/27/2020,18.0,Male,Mobile,482.5666745826986,3.0,False,False
user_0322,2022-04-10,07/24/2022,50.0,Female,Desktop,829.3700173383568,9.0,True,False
user_0323,2022-12-17,2023-06-07,18.0,Female,Mobile,803.7755377659641,8.0,False,False
user_0324,2022-01-10,2022-12-21,41.0,Male,Tablet,770.1522186798373,9.0,False,False
user_0325,04/26/2020,2021-03-26,21.0,Female,Desktop,482.9916711482324,5.0,False,False
user_0326,2022-03-01,2023-01-15,21.0,Male,Mobile,276.8750175020125,8.0,True,True
user_0327,10/09/2022,2023-08-01,35.0,Male,Desktop,496.8041114232172,3.0,False,False
user_0328,2022-12-17,2023-05-05,44.0,Male,Mobile,562.8800841454364,8.0,False,False
user_0329,2021-09-25,2022-07-16,60.0,Female,Mobile,662.5220607786556,8.0,False,False
user_0330,2021-05-27,2022-04-03,,Male,Tablet,562.2365482200487,5.0,False,False
user_0331,2022-03-12,2022-08-05,50.0,Female,Desktop,294.7011447620827,4.0,False,True
user_0332,2021-07-13,2022-01-11,45.0,Female,Mobile,392.9169059319561,2.0,False,False
user_0333,2021-05-02,03/31/2022,59.0,Male,Mobile,,4.0,False,False
user_0334,2022-06-15,2023-05-10,58.0,Female,Mobile,607.8106100811642,2.0,True,False
user_0335,2021-12-04,02/14/2022,53.0,Female,Tablet,612.7194906479934,4.0,False,False
user_0336,2021-08-03,2022-07-24,23.0,Female,Mobile,638.926377616174,4.0,True,False
user_0337,2022-02-28,2022-04-19,33.0,Male,Mobile,560.2071709344706,1.0,False,False
user_0338,05/10/2022,2023-04-07,,Male,Mobile,88.16009804627117,8.0,False,False
user_0339,2020-09-03,,40.0,Male,Mobile,154.82806434503823,6.0,False,False
user_0340,2020-06-02,04/19/2021,67.0,Male,Mobile,471.9624737320716,5.0,True,False
user_0341,2022-09-23,2023-07-20,59.0,Male,Mobile,519.6155840932785,4.0,False,False
user_0342,11/27/2021,05/16/2022,41.0,Male,Mobile,750.7331174305957,3.0,True,False
user_0343,2022-12-28,2023-11-12,66.0,Male,Mobile,515.5590295990063,7.0,True,False
user_0344,12/06/2022,02/25/2023,30.0,Male,Tablet,304.8101338280706,1.0,True,False
user_0345,2022-10-05,2023-04-09,,Male,Mobile,632.4329615554736,7.0,False,False
user_0346,2020-04-03,2021-02-17,30.0,Male,Desktop,496.5496614271515,0.0,False,False
user_0347,2022-08-15,2022-12-28,66.0,nan,Desktop,419.589042893193,9.0,False,True
user_0348,10/08/2022,04/01/2023,54.0,Male,Desktop,177.08011840597806,0.0,False,False
user_0349,2021-03-28,07/12/2021,60.0,Female,Desktop,517.0374016222465,2.0,True,True
user_0350,2022-06-30,2023-04-18,56.0,Male,Mobile,545.7635821958921,4.0,False,True
user_0351,2020-08-05,2020-11-16,59.0,nan,Mobile,300.77073917879005,5.0,True,False
user_0352,2021-04-18,2021-10-23,34.0,Male,Mobile,648.8715576412551,3.0,True,False
user_0353,03/07/2021,02/11/2022,,nan,Mobile,630.9593597301966,6.0,True,False
user_0354,2020-12-06,2021-10-29,35.0,Female,Desktop,509.78251647859514,6.0,False,False
user_0355,2021-07-04,10/25/2021,40.0,Male,Desktop,502.3445715884082,1.0,False,False
user_0356,2020-12-22,10/10/2021,68.0,Female,Desktop,689.2075493328497,1.0,False,False
user_0357,01/23/2020,2020-08-11,47.0,Female,Mobile,573.5060737562063,1.0,False,False
user_0358,2021-06-05,,51.0,Male,Tablet,359.5489102103279,1.0,False,False
user_0359,2022-03-12,2022-08-29,21.0,Female,Mobile,460.47034327997045,8.0,True,False
user_0360,2022-01-31,06/27/2022,20.0,nan,Mobile,611.3698803872159,4.0,False,False
user_0361,03/17/2021,11/21/2021,24.0,Female,Mobile,93.53581513358796,7.0,False,False
user_0362,2022-02-07,03/17/2022,35.0,Male,Desktop,313.6947902420743,4.0,False,False
user_0363,10/12/2022,2023-03-11,59.0,Female,Mobile,636.4275332677951,4.0,False,False
user_0364,2021-05-30,2021-09-08,24.0,Female,Tablet,741.7755208432225,0.0,False,False
user_0365,11/05/2022,01/22/2023,57.0,Female,Tablet,704.2097480536024,5.0,True,False
user_0366,2022-03-02,01/18/2023,23.0,Female,Desktop,678.6586624495561,3.0,False,False
user_0367,2020-12-01,2021-05-31,39.0,Male,Mobile,525.9487725342882,,False,False
user_0368,2020-09-14,2020-12-12,18.0,nan,Desktop,294.2193180624621,5.0,True,False
user_0369,05/11/2021,2021-11-02,21.0,Male,Desktop,460.67532308535306,1.0,False,False
user_0370,2022-06-14,03/12/2023,63.0,Male,Mobile,101.34618987616307,7.0,False,False
user_0371,2020-06-08,08/25/2020,66.0,Female,Mobile,760.1312172421506,0.0,True,False
user_0372,2022-05-01,2023-01-11,69.0,Female,Mobile,336.57743950513816,8.0,False,False
user_0373,2021-11-20,2022-05-17,67.0,Male,Mobile,393.3308479953594,7.0,False,False
user_0374,01/14/2021,,60.0,Female,Mobile,711.7238105281153,0.0,False,False
user_0375,2022-08-14,,46.0,Male,Tablet,177.07460857809116,9.0,True,False
user_0376,11/21/2021,05/29/2022,38.0,Male,Mobile,262.1194751949137,8.0,True,False
user_0377,2022-12-02,2023-03-19,43.0,Female,Mobile,553.594268765027,1.0,False,False
user_0378,10/11/2020,07/21/2021,31.0,Male,Tablet,604.0760830134957,2.0,False,False
user_0379,2021-01-31,2022-01-15,26.0,Male,Mobile,485.6598409651681,1.0,False,False
user_0380,2020-01-12,2020-05-05,64.0,Male,Desktop,492.18337741281846,7.0,True,False
user_0381,2021-05-13,07/23/2021,29.0,nan,Mobile,753.675590778889,1.0,True,False
user_0382,2022-01-23,2022-08-07,59.0,Male,Mobile,627.2636890121302,9.0,True,False
user_0383,2020-02-04,2020-12-09,68.0,Male,Mobile,600.2339869055091,1.0,False,False
user_0384,2021-12-27,2022-02-13,68.0,Female,Mobile,655.1292985587486,0.0,False,False
user_0385,04/28/2022,2022-09-06,23.0,Female,Mobile,439.88194506227643,6.0,False,False
user_0386,2020-03-30,10/12/2020,37.0,Male,Desktop,934.6331328286042,1.0,False,False
user_0387,02/14/2022,2022-04-20,41.0,Female,Mobile,38.49369633350335,9.0,False,False
user_0388,2021-08-27,,44.0,Male,Desktop,791.5842048237563,4.0,False,False
user_0389,2022-08-27,12/07/2022,55.0,nan,Mobile,680.4215037486218,4.0,True,False
user_0390,2022-10-18,2023-01-25,25.0,Male,Mobile,549.6576503101709,2.0,False,False
user_0391,02/21/2021,2021-10-04,18.0,Male,Desktop,516.0057915204222,2.0,False,False
user_0392,2020-04-24,2021-04-04,66.0,Male,Mobile,468.88934057257876,2.0,True,False
user_0393,2021-09-08,,66.0,Male,Desktop,720.6887175926818,5.0,True,True
user_0394,2022-04-05,05/31/2022,41.0,Female,Tablet,492.02710520002324,3.0,False,False
user_0395,2021-02-16,2021-12-06,64.0,Male,Desktop,354.42305209538256,2.0,False,False
user_0396,2021-12-29,2022-03-18,24.0,Male,Mobile,680.3965770643364,1.0,True,False
user_0397,10/17/2022,2023-09-11,36.0,Female,Mobile,816.9532468119716,,True,False
user_0398,2022-01-30,11/14/2022,39.0,Female,Desktop,114.56617538424933,3.0,False,False
user_0399,2021-11-06,04/14/2022,52.0,Male,Desktop,971.418366154064,5.0,False,False
user_0400,04/01/2021,2022-01-13,47.0,Male,Mobile,292.6537404940717,3.0,False,False
user_0401,07/08/2022,2023-05-24,46.0,Male,Mobile,307.94034469692946,7.0,True,False
user_0402,07/10/2020,05/21/2021,39.0,Male,Mobile,251.02205610147746,2.0,True,False
user_0403,2022-01-08,2022-07-06,28.0,Male,Mobile,500.169810492925,2.0,True,False
user_0404,2022-09-04,2022-11-08,37.0,Female,Mobile,244.0563430062732,2.0,True,False
user_0405,10/05/2022,2023-08-17,,Female,Mobile,268.3479872298228,7.0,False,False
user_0406,2020-04-05,03/11/2021,68.0,Male,Desktop,362.2899904832766,3.0,False,False
user_0407,10/24/2021,04/29/2022,58.0,Male,Tablet,527.6911350388679,0.0,False,True
user_0408,2020-02-06,2020-03-18,59.0,Male,Desktop,546.9707197935022,1.0,False,False
user_0409,10/05/2020,03/19/2021,51.0,Male,Mobile,748.239455882017,9.0,True,False
user_0410,2020-08-04,2021-01-24,18.0,Male,Mobile,743.6297546389826,1.0,False,False
user_0411,2022-05-16,2023-03-20,48.0,nan,Tablet,704.9222628195207,2.0,False,False
user_0412,2022-05-22,2022-10-02,,Female,Tablet,447.6765657868549,5.0,False,False
user_0413,2020-03-02,,65.0,nan,Tablet,131.76364440068244,7.0,True,True
user_0414,2021-08-18,2022-05-22,35.0,Female,Desktop,127.33712033920114,0.0,False,False
user_0415,2021-12-29,2022-05-28,34.0,Female,Mobile,703.5459752219625,8.0,True,False
user_0416,01/31/2021,05/24/2021,55.0,Female,Desktop,668.750894341474,0.0,True,False
user_0417,11/29/2021,2022-08-16,31.0,Male,Mobile,376.6591075111907,9.0,False,False
user_0418,2022-11-08,2023-09-05,40.0,Female,Mobile,211.85274974051168,1.0,False,True
user_0419,06/25/2020,2021-03-07,42.0,nan,Desktop,290.56979536618167,2.0,True,False
user_0420,01/30/2021,,32.0,Male,Mobile,534.9388604399055,6.0,True,False
user_0421,2021-03-20,09/16/2021,63.0,Female,Mobile,535.3121999709874,8.0,False,False
user_0422,2020-03-16,06/19/2020,39.0,Male,Mobile,708.5062546254,2.0,True,False
user_0423,2020-09-21,07/05/2021,20.0,Female,Mobile,409.9291085585008,7.0,False,False
user_0424,03/30/2021,2022-03-25,36.0,nan,Desktop,451.1927942996715,8.0,True,False
user_0425,12/18/2021,2022-07-25,61.0,Female,Mobile,725.0642611932878,9.0,True,False
user_0426,2022-01-04,2022-08-17,51.0,Female,Mobile,74.98101972247309,6.0,False,False
user_0427,04/30/2022,02/15/2023,52.0,Female,Mobile,563.4905893834052,3.0,False,False
user_0428,05/23/2020,11/11/2020,67.0,Female,Mobile,433.1542442736129,3.0,True,True
user_0429,2022-06-03,2022-10-11,18.0,nan,Mobile,642.5519557907486,3.0,False,False
user_0430,2022-12-28,2023-02-07,69.0,Female,Desktop,602.5213205722685,5.0,True,False
user_0431,2021-01-30,04/11/2021,38.0,Female,Mobile,360.7380711220669,3.0,True,False
user_0432,11/14/2022,2023-09-30,46.0,Female,Desktop,7034.046456784247,4.0,False,False
user_0433,08/05/2022,02/08/2023,23.0,Female,Tablet,39.60491489046365,8.0,False,False
user_0434,2022-06-09,2022-09-13,54.0,Female,Desktop,649.998299652364,6.0,False,True
user_0435,07/22/2021,2021-09-03,18.0,Female,Mobile,547.9547640129261,7.0,False,False
user_0436,2022-11-28,,68.0,Female,Mobile,,4.0,False,False
user_0437,2020-04-18,07/22/2020,18.0,Male,Desktop,420.1199927678906,4.0,False,False
user_0438,2022-12-01,07/24/2023,44.0,Male,Mobile,682.8671195296051,6.0,True,False
user_0439,2022-07-23,2023-05-04,38.0,Male,Desktop,286.0147908871721,7.0,True,True
user_0440,02/01/2021,12/08/2021,33.0,Male,Desktop,0.1,8.0,False,True
user_0441,2021-09-25,2022-08-09,61.0,Male,Tablet,481.09721192644645,1.0,False,True
user_0442,2022-01-02,2022-10-28,57.0,Female,Tablet,386.6636489893949,2.0,False,False
user_0443,2020-08-22,2021-07-27,43.0,Male,Mobile,289.83571484305594,1.0,False,False
user_0444,10/19/2021,2021-12-12,33.0,Male,Mobile,679.6210786973234,9.0,False,False
user_0445,01/20/2022,2022-03-15,45.0,Female,Tablet,741.6493347087114,6.0,True,False
user_0446,2021-08-10,02/28/2022,18.0,nan,Mobile,521.0842558731722,1.0,False,False
user_0447,2022-10-29,2023-09-11,,Female,Mobile,463.49618607636694,1.0,False,False
user_0448,2022-08-11,2022-12-10,27.0,nan,Desktop,512.5416747805044,1.0,False,False
user_0449,05/06/2021,2022-05-04,60.0,Female,Mobile,,3.0,True,False
user_0450,2022-07-01,06/11/2023,34.0,Male,Desktop,612.5191896856804,0.0,False,False
user_0451,2020-06-18,12/24/2020,40.0,Female,Desktop,192.12560276771222,1.0,False,True
user_0452,2022-08-03,2023-05-13,24.0,Female,Mobile,285.3843743139615,2.0,False,False
user_0453,2022-03-05,09/01/2022,61.0,Male,Tablet,341.7477697386396,6.0,False,False
user_0454,09/25/2021,2021-10-29,24.0,Male,Desktop,608.2710861963059,9.0,False,False
user_0455,2020-01-29,2020-11-19,61.0,Female,Desktop,439.5020285913513,0.0,False,False
user_0456,12/04/2020,2021-09-26,32.0,Male,Mobile,,5.0,False,False
user_0457,2021-05-14,2021-08-07,51.0,Female,Mobile,660.6619512757018,2.0,True,False
user_0458,2021-05-25,2021-09-14,63.0,Male,Desktop,339.78136488753086,2.0,False,False
user_0459,2020-08-04,2021-01-29,,Female,Mobile,626.6931580797241,3.0,False,False
user_0460,2022-12-29,08/05/2023,21.0,Female,Mobile,418.3585943695963,3.0,False,False
user_0461,03/20/2021,2022-01-06,,Male,Desktop,594.6360990047926,6.0,True,False
user_0462,2022-05-25,2023-03-02,31.0,Male,Mobile,670.3544327185946,2.0,False,False
user_0463,2020-06-15,2021-03-31,33.0,Female,Mobile,722.9429203625434,7.0,True,False
user_0464,03/31/2020,2021-01-27,24.0,Female,Mobile,540.4043139675833,7.0,True,False
user_0465,12/14/2021,2022-11-16,49.0,Female,Mobile,820.0247372960437,6.0,False,False
user_0466,2020-02-08,2020-07-10,36.0,Female,Desktop,588.2628712122544,1.0,True,False
user_0467,06/21/2020,2021-01-14,19.0,Female,Mobile,527.0104318915262,4.0,True,False
user_0468,2021-10-14,03/08/2022,27.0,Male,Mobile,439.4971224680127,5.0,False,False
user_0469,2022-01-23,2022-11-04,67.0,Male,Desktop,373.7381959623265,9.0,True,False
user_0470,2022-12-17,2023-01-22,34.0,Male,Tablet,583.9767452123411,3.0,False,False
user_0471,04/20/2021,2021-06-02,54.0,Female,Desktop,520.1515273959968,9.0,True,False
user_0472,2021-03-31,2021-07-24,29.0,Male,Mobile,552.1651201268779,4.0,False,False
user_0473,2022-04-08,2022-11-06,23.0,Male,Mobile,596.1491655112584,,False,False
user_0474,06/13/2022,02/16/2023,39.0,Female,Desktop,551.3202956286096,6.0,False,False
user_0475,2022-10-21,2023-07-07,49.0,Female,Mobile,902.6590813855703,1.0,True,False
user_0476,2021-01-21,07/07/2021,58.0,Male,Desktop,394.4070231643724,0.0,True,False
user_0477,2020-12-13,2021-03-17,37.0,Male,Mobile,586.4586688239413,1.0,True,False
user_0478,07/08/2020,2021-04-05,18.0,Male,Mobile,454.46135683025176,2.0,False,False
user_0479,2021-05-19,12/15/2021,64.0,Male,Desktop,7.705577284951801,1.0,False,True
user_0480,04/03/2022,10/22/2022,23.0,Female,Desktop,461.30543542631096,2.0,True,False
user_0481,07/17/2022,,36.0,Male,Desktop,312.7005888162919,9.0,True,False
user_0482,2022-07-22,2023-02-24,35.0,Female,Mobile,486.63550823191724,8.0,True,False
user_0483,2020-05-13,04/15/2021,23.0,Female,Mobile,494.719495733659,3.0,False,False
user_0484,02/27/2020,2020-07-22,62.0,Male,Mobile,577.0715775878675,8.0,False,False
user_0485,11/15/2021,06/28/2022,50.0,nan,Mobile,393.9641249367662,2.0,False,False
user_0486,11/02/2021,03/23/2022,40.0,Male,Mobile,418.98141685261186,0.0,False,False
user_0487,06/21/2020,2021-03-09,40.0,Male,Mobile,,4.0,False,False
user_0488,03/25/2022,2022-11-30,43.0,Male,Mobile,338.18829410377543,9.0,True,False
user_0489,03/20/2020,2020-05-30,30.0,Male,Tablet,132.3094018581416,9.0,True,False
user_0490,2022-06-04,2022-10-24,24.0,Male,Desktop,531.4062713852962,1.0,False,False
user_0491,2020-07-21,2020-09-05,32.0,Male,Tablet,714.1697495136489,3.0,False,False
user_0492,2022-02-02,2022-07-10,61.0,Female,Mobile,637.8360951293772,1.0,False,False
user_0493,2020-02-16,2020-05-03,44.0,nan,Tablet,535.0968391060607,1.0,False,False
user_0494,10/17/2021,2021-11-25,43.0,Female,Mobile,,2.0,False,False
user_0495,2021-04-15,2022-01-01,50.0,Male,Mobile,,4.0,False,False
user_0496,2022-08-28,2023-04-17,32.0,Female,Desktop,433.8170944541879,3.0,False,False
user_0497,2022-11-01,08/21/2023,53.0,Female,Mobile,549.504345667414,1.0,False,True
user_0498,2022-01-05,2022-08-22,62.0,Female,Mobile,558.0920445272881,9.0,True,False
user_0499,2022-02-22,09/12/2022,44.0,Female,Mobile,9294.931955160584,1.0,False,False
user_0500,2022-08-25,2022-12-19,22.0,Female,Mobile,726.8495141747757,5.0,False,False
user_0501,12/23/2020,12/20/2021,,Male,Desktop,469.57191332064576,6.0,False,False
user_0502,2022-08-29,,50.0,Female,Desktop,399.94422179900084,9.0,False,False
user_0503,2021-10-29,2022-03-16,33.0,Male,Desktop,0.1,5.0,False,False
user_0504,2021-01-07,2021-07-07,40.0,nan,Mobile,340.3392235252577,6.0,True,False
user_0505,2022-10-28,,55.0,Male,Desktop,236.9164182393136,0.0,False,False
user_0506,11/06/2021,07/25/2022,33.0,Male,Mobile,491.9207697467129,5.0,True,False
user_0507,2020-03-30,12/12/2020,31.0,Male,Mobile,249.26214990744907,2.0,False,True
user_0508,2021-11-28,07/26/2022,46.0,Female,Tablet,621.7369483337802,0.0,False,False
user_0509,2021-06-23,2021-08-19,43.0,Male,Mobile,721.6875216428077,7.0,True,False
user_0510,2022-01-01,2022-10-18,52.0,Male,Desktop,493.76864828237603,3.0,True,False
user_0511,05/18/2022,06/24/2022,32.0,nan,Mobile,303.19645674725166,9.0,False,False
user_0512,2020-02-10,2020-04-17,20.0,nan,Desktop,557.2800752363067,7.0,False,False
user_0513,2022-01-09,,40.0,Male,Desktop,,9.0,True,False
user_0514,2021-05-16,2022-01-23,46.0,Male,Mobile,816.4961258649122,3.0,False,False
user_0515,2022-08-16,2023-08-09,51.0,Female,Mobile,218.7842613525154,3.0,False,False
user_0516,2022-07-17,2022-10-03,50.0,nan,Desktop,211.36375530635235,9.0,True,False
user_0517,2021-04-05,2022-03-24,58.0,Female,Mobile,160.09271204001038,3.0,False,True
user_0518,01/01/2022,2022-07-18,58.0,Female,Mobile,272.60410924993573,5.0,False,True
user_0519,2022-01-21,06/18/2022,40.0,Male,Desktop,550.318493753726,8.0,False,False
user_0520,2022-07-13,,24.0,Female,Mobile,388.661144966015,4.0,False,False
user_0521,2022-06-27,12/22/2022,20.0,Female,Desktop,332.26599282307814,9.0,True,False
user_0522,2021-01-24,11/07/2021,49.0,Female,Mobile,707.8219535032904,7.0,True,False
user_0523,2022-06-01,12/28/2022,48.0,Male,Mobile,606.0186238175254,7.0,True,False
user_0524,09/12/2020,2021-07-26,35.0,nan,Desktop,159.05947456923764,3.0,False,True
user_0525,2021-12-09,2022-08-21,60.0,Female,Mobile,696.3449348419272,9.0,False,True
user_0526,03/25/2021,2022-01-19,24.0,Male,Mobile,601.2069444924077,8.0,False,False
user_0527,2020-01-10,08/09/2020,58.0,Female,Mobile,605.6526516060745,8.0,False,False
user_0528,04/03/2022,,18.0,Female,Mobile,385.90519521388626,,False,False
user_0529,2022-03-08,03/06/2023,31.0,Female,Mobile,462.53916404102193,5.0,False,False
user_0530,2022-05-26,2022-10-16,69.0,Female,Mobile,105.45569436057662,4.0,False,False
user_0531,10/25/2022,2023-06-24,49.0,Female,Mobile,673.3973345069251,2.0,True,False
user_0532,2022-10-12,05/03/2023,23.0,nan,Mobile,5576.999291404141,7.0,True,False
user_0533,2021-01-08,,56.0,Male,Desktop,325.8741937812112,8.0,False,False
user_0534,12/24/2022,2023-05-24,27.0,Male,Desktop,323.1717411280566,3.0,False,False
user_0535,2020-05-25,2020-10-20,24.0,Male,Mobile,860.0802233807638,8.0,False,False
user_0536,2020-08-11,2021-06-04,,Female,Desktop,366.2591870475426,8.0,False,False
user_0537,2020-06-25,2020-08-11,51.0,Female,Desktop,688.4520547087446,6.0,True,True
user_0538,05/02/2022,10/27/2022,47.0,Female,Mobile,495.2015790234437,7.0,False,False
user_0539,03/03/2020,01/28/2021,53.0,Female,Desktop,334.1780573129041,2.0,False,False
user_0540,04/06/2022,2022-09-17,38.0,Female,Mobile,297.91998934406047,4.0,False,False
user_0541,03/05/2022,2022-11-13,,nan,Desktop,374.2287825032016,2.0,False,False
user_0542,11/19/2021,2022-03-14,50.0,Male,Mobile,485.1077186448252,,False,False
user_0543,2020-04-14,2020-06-04,27.0,Female,Mobile,620.3474212776348,5.0,False,False
user_0544,2021-05-25,03/19/2022,68.0,Male,Desktop,405.8016641019168,2.0,False,False
user_0545,2021-01-19,2021-03-18,64.0,Female,Mobile,398.3176516439361,8.0,False,False
user_0546,2021-02-08,12/17/2021,59.0,Female,Mobile,323.7689710195852,0.0,False,False
user_0547,04/02/2022,2022-07-28,68.0,Female,Mobile,261.1915717079554,9.0,True,False
user_0548,06/01/2021,2022-04-04,29.0,Male,Mobile,244.46179604954756,2.0,True,False
user_0549,2021-04-20,2021-11-24,33.0,Male,Desktop,697.6057835879202,9.0,True,False
user_0550,12/09/2021,2022-01-10,58.0,Female,Desktop,394.23218307582556,6.0,True,False
user_0551,2022-02-09,2022-03-29,49.0,Female,Mobile,411.9448200888468,2.0,False,False
user_0552,2022-11-12,2023-01-10,32.0,Male,Mobile,366.67748340382957,2.0,False,False
user_0553,2022-09-23,2023-07-30,44.0,nan,Desktop,436.6287420144753,1.0,True,True
user_0554,2021-11-07,03/27/2022,45.0,Male,Mobile,574.2148348646868,8.0,True,False
user_0555,2021-12-14,07/17/2022,34.0,Female,Desktop,402.6238357660756,3.0,True,False
user_0556,2020-03-23,,63.0,Female,Mobile,536.1479774861142,9.0,False,True
user_0557,2021-04-01,01/16/2022,67.0,Female,Mobile,783.641697899528,5.0,False,False
user_0558,2020-01-01,05/13/2020,19.0,nan,Mobile,336.06719676255875,1.0,False,False
user_0559,2020-02-20,2021-02-03,53.0,Female,Mobile,412.10634600195823,8.0,False,False
user_0560,2021-11-15,2021-12-24,67.0,Female,Mobile,628.2120538823617,6.0,True,False
user_0561,2021-12-17,2022-11-13,,Male,Mobile,799.4592334363851,9.0,False,False
user_0562,2021-03-24,06/27/2021,30.0,Male,Mobile,251.53794442475976,4.0,True,False
user_0563,2022-05-30,2022-07-11,32.0,Male,Mobile,159.83919503043353,6.0,False,False
user_0564,2021-05-02,2021-08-25,42.0,Female,Mobile,499.8787298255417,3.0,False,False
user_0565,02/03/2020,2021-01-11,40.0,Male,Mobile,479.2246206056391,9.0,False,False
user_0566,2020-04-04,,39.0,Male,Mobile,640.0338592332197,6.0,False,False
user_0567,2022-12-31,2023-02-12,43.0,Male,Mobile,609.5120693242027,,False,False
user_0568,2020-06-02,2020-07-21,50.0,Male,Mobile,493.2073548251454,6.0,True,False
user_0569,09/06/2020,06/05/2021,28.0,Male,Desktop,709.8429706733582,3.0,True,False
user_0570,2021-11-04,02/11/2022,27.0,Female,Desktop,363.79646902946797,3.0,False,False
user_0571,2021-03-13,2021-07-21,42.0,Female,Mobile,542.316158415351,0.0,False,False
user_0572,2020-04-27,2020-09-14,54.0,Female,Mobile,256.85855423713605,2.0,True,False
user_0573,2022-02-09,2022-03-30,65.0,Female,Mobile,491.57434476493637,4.0,False,False
user_0574,2020-09-24,06/07/2021,60.0,Male,Desktop,6470.198550199995,4.0,False,False
user_0575,2022-12-13,2023-08-29,55.0,Female,Mobile,276.83129060473993,1.0,False,False
user_0576,2020-08-23,2021-04-11,58.0,Male,Mobile,841.890367497984,3.0,False,False
user_0577,01/23/2021,2021-11-08,62.0,Male,Desktop,135.09248642888593,0.0,False,False
user_0578,2022-09-16,11/04/2022,41.0,Female,Mobile,456.66966091704796,8.0,False,False
user_0579,02/01/2022,05/12/2022,57.0,Male,Mobile,665.4430245449337,0.0,False,False
user_0580,2021-02-04,2021-03-19,63.0,Female,Mobile,944.2711163378857,5.0,False,False
user_0581,09/15/2021,2022-05-31,50.0,Male,Desktop,535.4150083532096,6.0,False,False
user_0582,02/05/2022,04/30/2022,34.0,Female,Mobile,546.8440252125384,2.0,False,False
user_0583,07/07/2022,04/16/2023,41.0,Female,Desktop,507.93707634954984,0.0,True,False
user_0584,05/02/2022,2022-11-05,,Male,Desktop,711.4468809368325,6.0,True,False
user_0585,2021-07-31,2022-02-04,19.0,Female,Mobile,586.3407130475797,2.0,False,False
user_0586,2020-03-15,,49.0,Male,Mobile,384.98244264142295,9.0,False,False
user_0587,2021-03-10,2022-02-21,41.0,Female,Mobile,723.1023382857454,5.0,False,False
user_0588,04/12/2020,,26.0,Male,Desktop,407.5618568304346,5.0,True,False
user_0589,02/02/2022,,21.0,Female,Desktop,180.30077598320014,3.0,True,True
user_0590,01/07/2022,2022-03-07,34.0,Female,Mobile,180.9350917128844,5.0,False,False
user_0591,03/16/2022,2022-08-09,34.0,Male,Desktop,459.78637071506347,9.0,True,False
user_0592,2020-04-07,11/14/2020,67.0,nan,Mobile,520.6083131542777,3.0,True,False
user_0593,03/08/2022,2022-09-26,65.0,Female,Mobile,691.1258546097479,7.0,False,False
user_0594,2022-05-08,2022-12-06,47.0,Female,Tablet,628.1632823562204,8.0,True,False
user_0595,03/10/2021,2021-09-01,57.0,Female,Desktop,515.9701890412688,1.0,False,False
user_0596,03/22/2021,2021-08-11,28.0,Male,Mobile,702.3020982864704,6.0,False,False
user_0597,2020-09-05,06/12/2021,38.0,Female,Desktop,502.5475813261902,8.0,True,False
user_0598,2020-06-14,05/22/2021,38.0,Male,Tablet,241.9027934440104,8.0,False,False
user_0599,09/10/2022,2023-08-06,35.0,Male,Desktop,198.3095356044886,4.0,False,False
user_0600,10/16/2022,05/31/2023,46.0,nan,Desktop,755.7375415211316,0.0,False,False
user_0601,2021-06-25,03/21/2022,41.0,Female,Desktop,50.95404171958762,5.0,False,False
user_0602,01/28/2022,2022-09-12,27.0,Male,Mobile,459.85186885816626,7.0,False,False
user_0603,03/21/2020,2020-08-21,62.0,Male,Desktop,1096.3586987510048,0.0,False,False
user_0604,2020-05-12,2020-10-25,34.0,Female,Mobile,591.8466888620998,1.0,False,False
user_0605,2022-03-07,2023-02-24,35.0,Male,Desktop,458.2914359042267,0.0,False,False
user_0606,2022-06-18,2022-09-16,59.0,Male,Mobile,163.1076866693641,4.0,True,False
user_0607,2020-05-17,2021-03-01,65.0,Male,Desktop,823.4741136266432,1.0,True,True
user_0608,2020-07-02,,37.0,Female,Mobile,742.7655741388915,9.0,True,False
user_0609,2022-02-23,,54.0,Female,Mobile,636.9593824676795,9.0,False,True
user_0610,2022-09-10,2023-04-25,62.0,Male,Mobile,499.8880534046371,3.0,True,False
user_0611,2020-03-09,2020-05-28,35.0,Female,Tablet,614.4024493882755,0.0,False,False
user_0612,06/29/2021,2021-09-01,,Male,Tablet,470.2757882792295,6.0,False,False
user_0613,2020-02-22,2020-05-30,26.0,Female,Mobile,305.34781790313366,7.0,True,False
user_0614,2020-07-23,2020-10-09,31.0,nan,Tablet,691.2669863009626,4.0,False,False
user_0615,2020-05-05,2020-12-12,66.0,Female,Desktop,489.868268683558,1.0,False,False
user_0616,2020-02-12,2020-05-21,46.0,Female,Desktop,604.3887929317575,7.0,True,False
user_0617,2020-04-20,09/22/2020,48.0,nan,Mobile,475.77535188804677,0.0,False,False
user_0618,01/30/2022,2022-07-07,21.0,Female,Tablet,592.3638764093688,6.0,False,False
user_0619,2022-04-27,09/03/2022,35.0,Female,Mobile,497.10145386845005,0.0,False,False
user_0620,04/04/2020,2020-11-01,37.0,Female,Desktop,481.49002958209167,5.0,True,False
user_0621,2022-06-18,2023-01-21,64.0,Male,Desktop,505.99791909550413,5.0,False,False
user_0622,12/25/2020,2021-04-17,,Male,Desktop,1092.1739380926092,4.0,False,False
user_0623,2022-06-18,2022-08-22,61.0,nan,Desktop,660.4813971963874,1.0,False,False
user_0624,10/07/2020,,,Female,Mobile,1017.2115833799045,1.0,True,False
user_0625,2021-10-28,2022-03-12,30.0,Male,Mobile,498.37951719836343,8.0,False,False
user_0626,2020-04-02,2020-12-07,32.0,Male,Mobile,438.18840612709585,4.0,False,False
user_0627,11/02/2021,2022-07-09,44.0,Female,Mobile,285.16058832490484,4.0,False,False
user_0628,2020-03-01,2020-09-28,32.0,Female,Mobile,820.646239324512,6.0,False,False
user_0629,2021-09-25,05/29/2022,45.0,Female,Desktop,,5.0,False,False
user_0630,12/10/2022,02/21/2023,54.0,Female,Desktop,861.912151477338,1.0,False,True
user_0631,2022-10-25,07/09/2023,36.0,Female,Mobile,296.7623338459404,0.0,False,False
user_0632,08/26/2021,,43.0,Female,Mobile,677.3319737264853,4.0,False,False
user_0633,2021-11-12,,69.0,Female,Mobile,181.79850330527086,3.0,True,False
user_0634,2021-06-17,2021-08-06,43.0,Female,Mobile,411.6088596818671,2.0,False,False
user_0635,2022-04-17,2022-05-23,42.0,Female,Mobile,504.4163058892649,1.0,False,False
user_0636,2021-10-06,,43.0,Male,Desktop,380.50179685930254,9.0,True,False
user_0637,08/20/2020,2021-02-25,,Male,Mobile,466.13467963320795,1.0,False,False
user_0638,06/07/2021,12/01/2021,63.0,nan,Desktop,467.09097888422775,3.0,True,False
user_0639,2020-12-11,07/27/2021,45.0,Male,Mobile,661.3867100060128,1.0,False,False
user_0640,2022-12-05,2023-06-06,66.0,Male,Desktop,,3.0,False,False
user_0641,2021-06-29,12/17/2021,35.0,Female,Desktop,387.4160543943872,2.0,True,False
user_0642,2022-03-04,2023-02-10,49.0,Female,Tablet,750.9272695541912,8.0,False,False
user_0643,2020-09-05,2020-12-12,20.0,Male,Desktop,612.495984663319,6.0,True,False
user_0644,2020-02-16,2020-10-20,19.0,Male,Tablet,754.2572524254027,2.0,False,False
user_0645,2020-08-01,07/01/2021,50.0,Male,Desktop,651.757870954537,7.0,False,False
user_0646,2020-08-26,03/04/2021,59.0,Female,Desktop,283.29697859803787,8.0,False,False
user_0647,2022-12-15,07/28/2023,36.0,Male,Mobile,632.1794342239152,6.0,True,False
user_0648,12/15/2020,2021-12-06,34.0,Male,Mobile,520.0385600185525,5.0,True,False
user_0649,2020-04-16,2021-02-28,61.0,Male,Mobile,953.6122663585982,3.0,False,False
user_0650,2022-04-10,07/09/2022,50.0,Female,Desktop,660.4329164988819,4.0,False,False
user_0651,2020-02-17,2020-04-14,29.0,Male,Mobile,604.6734815355202,7.0,True,False
user_0652,12/02/2020,2021-06-18,66.0,Male,Desktop,633.8848526682622,2.0,True,False
user_0653,2022-11-15,06/09/2023,20.0,Female,Tablet,593.7691083333248,1.0,True,False
user_0654,2022-03-14,2022-10-27,60.0,nan,Mobile,588.3602255492146,2.0,False,False
user_0655,2020-01-08,2021-01-01,66.0,Female,Mobile,446.7413261206163,6.0,False,False
user_0656,09/16/2021,10/17/2021,43.0,nan,Tablet,607.0945774040001,7.0,True,False
user_0657,12/19/2021,2022-03-15,52.0,Female,Mobile,689.6933360545391,0.0,False,False
user_0658,2020-10-29,2021-03-05,,Male,Desktop,712.065613806417,6.0,True,False
user_0659,2021-09-30,2022-03-03,69.0,Female,Mobile,8648.498137233604,8.0,False,False
user_0660,2020-02-25,2020-06-09,53.0,Male,Desktop,801.6127292304144,2.0,False,False
user_0661,2021-12-26,,24.0,Female,Mobile,724.578424660785,2.0,False,False
user_0662,06/09/2021,2021-09-05,63.0,Male,Desktop,625.703582820154,7.0,False,False
user_0663,2021-04-18,2021-11-25,63.0,Male,Mobile,271.2678400672596,3.0,False,False
user_0664,01/28/2020,2020-04-15,53.0,nan,Mobile,271.3463354341832,7.0,False,False
user_0665,2020-03-18,2021-01-18,33.0,Male,Mobile,450.37311934772987,4.0,False,False
user_0666,2020-12-30,2021-04-06,41.0,Female,Mobile,509.35073720954375,2.0,False,False
user_0667,2021-10-27,06/27/2022,18.0,Male,Tablet,779.6003062406523,3.0,True,False
user_0668,2021-06-09,,66.0,Male,Desktop,0.1,3.0,False,False
user_0669,2021-11-29,2022-03-17,42.0,Female,Mobile,293.35874745138085,7.0,False,False
user_0670,2022-06-01,2022-09-30,27.0,Female,Mobile,461.1558171070327,5.0,True,False
user_0671,10/27/2022,2023-05-12,33.0,Female,Mobile,300.6284742734623,6.0,True,False
user_0672,2022-10-23,2022-12-17,33.0,Male,Desktop,340.37853232594716,8.0,False,False
user_0673,2022-07-07,10/10/2022,25.0,Female,Desktop,400.1675808229128,5.0,True,False
user_0674,01/19/2022,,46.0,Female,Mobile,310.8348271851462,2.0,False,False
user_0675,2020-12-28,2021-03-11,56.0,Female,Desktop,345.5151345169047,2.0,False,False
user_0676,2022-03-16,11/27/2022,45.0,Female,Desktop,772.6465127388904,,False,False
user_0677,2022-01-08,2022-11-12,23.0,nan,Tablet,622.8636680323958,9.0,False,False
user_0678,2022-11-04,2023-05-30,33.0,Female,Tablet,652.7886689484008,1.0,False,False
user_0679,2021-04-29,,37.0,nan,Desktop,493.175448508409,0.0,False,False
user_0680,01/28/2020,2020-11-19,33.0,Female,Desktop,702.2210425343523,9.0,True,False
user_0681,12/14/2021,2022-03-27,24.0,Female,Mobile,669.5596635945568,0.0,False,True
user_0682,2022-11-28,,58.0,Male,Desktop,,3.0,True,False
user_0683,2020-03-26,2021-02-15,31.0,Male,Mobile,369.16718897157784,2.0,True,False
user_0684,05/05/2020,2020-08-27,60.0,Female,Mobile,411.5925703220249,4.0,False,False
user_0685,2022-03-22,2022-06-06,43.0,Male,Mobile,711.6260197464737,8.0,True,False
user_0686,2021-06-20,2022-03-14,43.0,Male,Desktop,396.65325170980896,7.0,False,False
user_0687,2020-05-24,2020-08-03,31.0,Male,Mobile,242.29517274710884,8.0,True,True
user_0688,01/25/2020,11/17/2020,24.0,Male,Mobile,392.79638504720435,4.0,True,False
user_0689,2020-03-07,12/20/2020,50.0,nan,Mobile,811.8811364438238,,True,False
user_0690,2020-08-20,2020-10-28,43.0,Female,Mobile,,3.0,True,False
user_0691,2020-04-18,2020-12-23,62.0,Female,Mobile,565.5309583973385,4.0,False,True
user_0692,2020-04-20,2020-05-27,37.0,Male,Desktop,376.86241492571037,2.0,False,False
user_0693,2020-08-15,03/08/2021,20.0,Female,Desktop,652.6851108970732,4.0,False,False
user_0694,2020-04-20,2021-02-03,69.0,Female,Mobile,607.3598381406046,2.0,False,False
user_0695,02/03/2020,2020-11-04,21.0,nan,Desktop,201.7630517669275,4.0,True,False
user_0696,2021-09-14,02/27/2022,43.0,Female,Desktop,553.606397417196,4.0,False,False
user_0697,2022-01-17,2022-12-14,28.0,Male,Mobile,163.4826225402865,5.0,True,True
user_0698,2021-08-17,2022-01-22,19.0,Female,Desktop,389.1864405142181,8.0,False,False
user_0699,02/28/2021,2021-04-19,31.0,nan,Tablet,497.7132166735245,0.0,False,True
user_0700,09/04/2021,2022-03-14,61.0,Female,Mobile,869.3731830924993,9.0,False,False
user_0701,2021-11-22,2022-04-02,47.0,Female,Mobile,563.5824930198353,5.0,False,False
user_0702,2020-11-10,02/06/2021,66.0,Male,Tablet,346.58278254739145,0.0,False,False
user_0703,2022-05-26,2023-04-03,,Female,Desktop,436.55797949667993,5.0,False,False
user_0704,2021-10-23,2022-04-01,43.0,Female,Mobile,684.8393548885008,1.0,False,False
user_0705,2020-10-03,2021-08-09,61.0,Male,Mobile,349.29663165200657,7.0,True,False
user_0706,2021-09-15,2022-03-17,50.0,Female,Mobile,719.3956996002981,2.0,False,False
user_0707,2021-05-30,,30.0,Male,Desktop,395.3897443905209,9.0,False,False
user_0708,2022-04-22,2022-11-26,31.0,Male,Mobile,,5.0,False,False
user_0709,2020-12-15,2021-10-05,41.0,Male,Mobile,401.79940781944583,5.0,True,False
user_0710,04/02/2022,09/12/2022,51.0,Male,Desktop,176.74311918238612,3.0,False,False
user_0711,2022-01-28,2022-09-27,61.0,Female,Mobile,65.48460376980773,4.0,False,False
user_0712,2022-06-17,2022-11-24,43.0,Male,Mobile,483.4929221358282,1.0,False,False
user_0713,08/30/2020,2021-07-11,38.0,Male,Mobile,486.5404243312881,9.0,True,False
user_0714,06/26/2021,2022-04-28,45.0,Female,Desktop,551.2923569073332,9.0,False,False
user_0715,2022-11-29,08/03/2023,65.0,Female,Mobile,482.5051630548855,7.0,False,False
user_0716,08/16/2020,2021-02-24,53.0,Female,Desktop,965.8506248211645,9.0,False,False
user_0717,07/01/2021,2021-09-09,57.0,Male,Mobile,533.6818686545395,6.0,False,False
user_0718,2022-07-08,2023-06-16,,Female,Mobile,224.70742877667902,9.0,False,True
user_0719,2020-01-06,2020-11-09,59.0,Male,Mobile,276.01702885948333,5.0,True,False
user_0720,2021-04-12,2021-10-08,26.0,Female,Mobile,500.06093386974567,6.0,True,False
user_0721,03/15/2020,07/30/2020,40.0,Male,Desktop,412.9146764883059,0.0,False,False
user_0722,01/04/2020,2020-10-30,32.0,Female,Mobile,254.30402056730713,4.0,False,False
user_0723,2021-10-07,08/21/2022,30.0,Male,Desktop,488.23038347342737,6.0,True,False
user_0724,2020-04-27,2021-02-22,40.0,Female,Mobile,491.15515412353164,0.0,False,False
user_0725,2022-05-30,03/03/2023,34.0,Female,Tablet,819.1387466993431,1.0,False,False
user_0726,2021-05-18,,65.0,Female,Desktop,316.78205857558083,8.0,False,False
user_0727,2022-08-04,03/22/2023,19.0,Male,Desktop,416.4544388183655,2.0,True,False
user_0728,07/27/2021,2021-08-26,37.0,Female,Mobile,818.5232778191264,5.0,True,False
user_0729,2020-07-12,2020-12-16,37.0,nan,Mobile,565.7172415861219,6.0,False,False
user_0730,04/26/2022,2022-05-29,63.0,Female,Mobile,315.60905449612363,8.0,False,False
user_0731,2021-12-15,2022-11-12,20.0,Male,Tablet,357.05356309781814,4.0,False,False
user_0732,2022-11-15,2023-06-23,29.0,Male,Mobile,257.1682489930678,3.0,False,False
user_0733,2020-06-21,,57.0,nan,Desktop,515.454525534732,1.0,False,False
user_0734,11/21/2020,2021-10-18,19.0,Female,Desktop,706.2319969671341,2.0,False,False
user_0735,04/15/2022,2022-06-22,53.0,Female,Mobile,826.1802551264651,4.0,False,False
user_0736,2021-12-24,10/01/2022,31.0,nan,Desktop,202.7436538130446,1.0,False,False
user_0737,08/12/2020,2021-04-08,33.0,Female,Desktop,673.823447396666,3.0,False,False
user_0738,2021-06-15,2021-11-25,36.0,Female,Desktop,532.8625595601096,0.0,True,False
user_0739,04/22/2020,2020-08-20,51.0,Male,Mobile,447.6139270326505,3.0,False,False
user_0740,2020-05-19,08/02/2020,,Male,Mobile,416.53239202413675,6.0,True,False
user_0741,2021-07-12,11/18/2021,63.0,Female,Mobile,115.81363282105713,2.0,False,False
user_0742,2020-01-01,08/07/2020,23.0,Male,Desktop,627.5997258136492,9.0,False,False
user_0743,2020-03-30,2020-05-28,30.0,Male,Desktop,236.22864483133014,7.0,True,False
user_0744,10/15/2021,2022-02-05,53.0,Male,Mobile,350.36083698845835,5.0,False,False
user_0745,11/15/2020,,39.0,Male,Tablet,9239.858466562951,5.0,False,False
user_0746,2020-05-18,03/13/2021,35.0,Female,Mobile,136.67288591017882,0.0,False,True
user_0747,2022-04-24,2022-12-24,29.0,Female,Desktop,235.84121143706005,4.0,True,False
user_0748,2020-09-15,2021-01-05,69.0,Female,Tablet,743.7325318287079,2.0,False,True
user_0749,06/20/2022,2023-04-20,47.0,Male,Desktop,524.4117759145458,9.0,True,False
user_0750,11/20/2021,2022-06-10,,nan,Desktop,367.5597265751254,0.0,True,False
user_0751,01/10/2020,04/11/2020,57.0,Male,Mobile,525.199230860702,7.0,True,False
user_0752,2020-09-17,2021-02-17,24.0,Female,Mobile,9957.971178320833,6.0,True,False
user_0753,06/20/2020,2021-04-20,49.0,nan,Desktop,724.9535782475353,6.0,False,False
user_0754,2022-06-16,2022-11-12,65.0,Male,Mobile,277.51296492804227,9.0,False,False
user_0755,01/13/2020,2020-12-24,36.0,Female,Mobile,295.0323674175644,9.0,False,False
user_0756,2020-11-16,,23.0,nan,Desktop,621.6686597357455,9.0,False,False
user_0757,2020-11-24,09/14/2021,37.0,Male,Mobile,628.0825137000202,3.0,True,False
user_0758,2022-02-23,,44.0,Female,Tablet,231.2062036459767,,False,False
user_0759,2022-02-15,2022-06-13,60.0,Female,Desktop,302.5378649022406,8.0,True,False
user_0760,2022-06-29,06/02/2023,54.0,Male,Desktop,461.25053982770925,2.0,False,False
user_0761,2020-11-13,2021-11-11,65.0,Female,Desktop,504.71524888610224,8.0,False,False
user_0762,2020-08-23,2021-04-05,,Female,Desktop,510.38597546090625,3.0,True,False
user_0763,2020-11-29,,22.0,Female,Desktop,228.13523866351215,4.0,False,False
user_0764,2021-01-10,02/10/2021,28.0,Male,Desktop,508.3655541006976,6.0,True,False
user_0765,08/10/2021,2021-12-27,32.0,Male,Mobile,,5.0,False,False
user_0766,2021-05-27,10/23/2021,20.0,Female,Desktop,266.7364746819341,9.0,True,False
user_0767,07/06/2022,2023-02-03,22.0,Male,Desktop,497.80079031772624,7.0,False,False
user_0768,05/22/2022,2022-08-21,40.0,Female,Mobile,477.4012740624636,7.0,True,False
user_0769,2020-09-26,2021-04-01,54.0,Female,Mobile,660.3386476511953,7.0,False,False
user_0770,2022-03-08,2022-12-29,26.0,Female,Desktop,327.8063265473089,2.0,False,False
user_0771,2021-12-25,2022-03-14,32.0,Female,Mobile,547.0340873957161,9.0,False,False
user_0772,2020-01-05,2020-07-01,20.0,Male,Tablet,186.2649623142819,5.0,False,False
user_0773,2022-04-30,,46.0,Male,Tablet,445.0288645574953,6.0,False,False
user_0774,2020-03-18,2020-10-05,,Male,Mobile,592.7355669991312,8.0,False,False
user_0775,07/27/2021,2022-03-14,34.0,Female,Desktop,609.6042454238262,9.0,True,False
user_0776,05/11/2020,04/29/2021,43.0,Female,Mobile,610.9667591937285,9.0,True,False
user_0777,2021-08-23,2022-04-25,38.0,Female,Desktop,660.8751594500665,3.0,False,False
user_0778,12/01/2022,01/07/2023,25.0,Female,Mobile,410.84203322950793,4.0,False,False
user_0779,03/29/2020,2021-03-25,38.0,nan,Desktop,599.1450876845928,7.0,False,False
user_0780,2021-02-05,08/27/2021,28.0,Male,Mobile,873.7489525083244,0.0,True,False
user_0781,2020-10-22,04/16/2021,55.0,Male,Mobile,406.5734700788342,5.0,False,False
user_0782,2021-09-07,2022-01-07,25.0,Male,Mobile,776.0396031796064,3.0,True,False
user_0783,2022-03-10,2022-04-29,59.0,Female,Mobile,675.2945911083405,4.0,False,False
user_0784,2021-02-25,2021-12-27,41.0,Male,Mobile,446.7353135314305,4.0,False,False
user_0785,11/12/2022,06/08/2023,52.0,Female,Mobile,463.42489976447797,1.0,True,False
user_0786,07/28/2021,2021-09-23,31.0,Female,Mobile,523.6804719334439,7.0,False,False
user_0787,2020-05-22,2020-09-04,31.0,nan,Desktop,664.0329988063202,1.0,True,False
user_0788,2022-09-19,2023-04-30,27.0,nan,Desktop,580.5269263067026,3.0,False,False
user_0789,2021-10-26,08/08/2022,29.0,Male,Desktop,405.0004805563635,4.0,False,False
user_0790,05/24/2020,2021-03-11,,Female,Tablet,83.5893996475744,0.0,False,False
user_0791,2022-10-03,05/30/2023,61.0,Female,Mobile,634.4347917837638,5.0,False,False
user_0792,2021-05-17,2022-03-10,63.0,Male,Mobile,113.50045499126156,1.0,True,False
user_0793,2022-03-31,2023-02-06,51.0,Male,Mobile,226.80405860998093,4.0,False,True
user_0794,2020-04-13,2020-08-13,58.0,Female,Desktop,419.5045610596642,,False,False
user_0795,2022-11-28,2023-05-18,27.0,Male,Tablet,257.18428006619206,7.0,False,False
user_0796,2020-07-16,2021-04-08,34.0,Female,Mobile,563.5056855606983,8.0,True,False
user_0797,2021-08-01,2022-02-23,34.0,Female,Mobile,440.76236007654745,5.0,False,False
user_0798,2021-01-25,2021-04-13,20.0,Male,Mobile,657.0461960844912,4.0,False,False
user_0799,2021-07-07,,48.0,Female,Desktop,178.45649335586523,3.0,False,False
user_0800,2022-11-04,2023-01-15,68.0,Male,Desktop,367.6204567626404,1.0,False,False
user_0801,2021-04-22,2021-08-19,18.0,Female,Mobile,500.8398754658458,1.0,False,False
user_0802,2022-07-11,2023-04-11,29.0,Male,Mobile,508.5456261011912,6.0,False,False
user_0803,02/23/2021,2022-02-05,56.0,Female,Desktop,638.8072810953444,4.0,False,False
user_0804,2020-06-05,2021-05-10,21.0,Male,Desktop,317.08228392129115,6.0,True,False
user_0805,2021-07-03,2022-04-23,59.0,Male,Mobile,406.39794299940013,0.0,False,False
user_0806,2022-10-17,2023-09-16,30.0,Male,Desktop,601.4699321760739,0.0,False,False
user_0807,2022-09-23,07/26/2023,51.0,Male,Mobile,60.28785212859782,4.0,False,False
user_0808,2022-08-08,2023-03-08,59.0,Male,Desktop,576.9870503784585,1.0,False,False
user_0809,10/15/2020,2021-05-24,38.0,Female,Desktop,652.7897231389845,7.0,False,False
user_0810,2020-07-14,01/06/2021,39.0,Female,Mobile,233.26785546435207,2.0,True,False
user_0811,2021-08-20,01/23/2022,21.0,Male,Mobile,436.9954103429974,0.0,False,False
user_0812,2021-05-31,2021-06-30,35.0,Male,Desktop,798.5319633014294,1.0,False,True
user_0813,2022-05-14,2022-07-01,22.0,Female,Mobile,631.9656595462295,9.0,False,False
user_0814,2022-03-16,2022-08-01,36.0,Female,Desktop,589.3944545941732,9.0,False,False
user_0815,2022-03-25,12/19/2022,19.0,Male,Desktop,698.1918630248973,6.0,False,False
user_0816,08/15/2020,2020-12-12,29.0,Female,Desktop,860.9090235225005,5.0,True,False
user_0817,2020-08-03,05/09/2021,34.0,Male,Mobile,503.7068139636744,7.0,False,False
user_0818,2022-08-05,2023-02-03,27.0,Female,Mobile,418.56219915559507,6.0,False,False
user_0819,2020-01-15,07/20/2020,51.0,Male,Desktop,697.7076821947863,9.0,False,False
user_0820,2020-02-16,10/17/2020,23.0,Male,Mobile,462.509372810098,7.0,False,False
user_0821,2020-11-19,,25.0,nan,Desktop,314.3962683962113,2.0,True,False
user_0822,04/23/2022,10/15/2022,68.0,Male,Desktop,391.9867494025515,5.0,True,False
user_0823,2020-05-09,2020-11-15,28.0,Female,Mobile,562.4659164116762,6.0,False,False
user_0824,2020-04-04,07/24/2020,29.0,Male,Desktop,410.08083951782385,9.0,False,False
user_0825,2021-09-18,,26.0,Female,Mobile,425.00495051441726,0.0,False,False
user_0826,2022-01-24,2022-05-17,19.0,Female,Mobile,294.5368370709592,0.0,False,False
user_0827,03/04/2022,2023-02-28,25.0,Male,Tablet,787.0733032405624,6.0,False,False
user_0828,03/09/2020,,28.0,Female,Tablet,431.4746560625058,2.0,False,False
user_0829,2020-01-11,2020-10-24,53.0,Female,Mobile,357.6978058769521,2.0,True,False
user_0830,2022-05-21,2022-10-02,27.0,Female,Tablet,378.9754386788773,4.0,False,False
user_0831,07/03/2021,2022-06-04,38.0,Female,Mobile,660.5051949924289,5.0,False,False
user_0832,2021-12-12,10/03/2022,37.0,Female,Mobile,614.6397157006325,1.0,True,False
user_0833,2020-01-23,2020-04-12,65.0,Male,Mobile,399.62905917142547,2.0,False,False
user_0834,2022-03-25,06/01/2022,25.0,Male,Tablet,506.46260759508397,5.0,False,False
user_0835,2020-12-11,04/03/2021,53.0,Female,Mobile,555.3408847704969,2.0,False,False
user_0836,10/28/2020,2021-03-23,46.0,Female,Mobile,359.18386149887885,4.0,True,False
user_0837,12/28/2020,2021-07-11,59.0,Male,Mobile,191.87544252200144,8.0,False,False
user_0838,2021-01-30,2021-12-21,29.0,Female,Desktop,603.0074838862489,2.0,True,False
user_0839,2020-08-05,2021-05-29,31.0,Female,Mobile,370.25316720034493,5.0,True,False
user_0840,2020-05-20,2021-05-05,65.0,Male,Mobile,588.0696700767838,4.0,False,False
user_0841,2022-08-15,,67.0,Male,Mobile,564.2053284495087,4.0,False,False
user_0842,2022-09-11,05/11/2023,38.0,Female,Desktop,511.1584602511023,5.0,False,False
user_0843,2022-09-19,02/22/2023,39.0,Male,Desktop,414.77457024206626,5.0,False,False
user_0844,2022-04-07,02/09/2023,38.0,Female,Mobile,373.2143554968362,0.0,False,True
user_0845,2021-11-13,10/02/2022,61.0,Female,Desktop,272.3165189927552,8.0,False,False
user_0846,2022-09-30,2023-02-13,67.0,Male,Mobile,377.05040912218226,4.0,False,False
user_0847,12/21/2020,2021-04-28,47.0,Male,Desktop,613.7630023100376,0.0,False,False
user_0848,2022-10-04,,56.0,Male,Mobile,779.5651484247987,7.0,False,False
user_0849,06/06/2022,11/04/2022,37.0,Female,Mobile,750.2198684484638,6.0,False,False
user_0850,2020-05-06,2021-03-19,41.0,Female,Mobile,529.0846032349759,6.0,True,False
user_0851,2022-10-05,2023-04-08,40.0,Male,Desktop,779.4588121363274,4.0,False,False
user_0852,2021-08-26,11/04/2021,24.0,Female,Desktop,438.63647442784395,0.0,False,False
user_0853,2022-10-10,01/22/2023,26.0,Male,Mobile,241.79066349698587,8.0,False,False
user_0854,02/20/2020,01/27/2021,18.0,Male,Desktop,884.1748838420551,8.0,False,False
user_0855,11/18/2022,,43.0,Male,Mobile,606.561657291354,7.0,True,False
user_0856,2022-02-17,09/01/2022,55.0,Male,Mobile,193.07384989201597,4.0,False,False
user_0857,03/24/2022,09/25/2022,,Male,Mobile,811.8097157274724,2.0,False,False
user_0858,2021-02-23,2021-10-06,61.0,Male,Desktop,351.3155029782432,7.0,True,True
user_0859,2022-09-09,,39.0,Female,Desktop,394.8235484549734,0.0,False,False
user_0860,2022-04-04,06/19/2022,61.0,Female,Mobile,704.2766278166409,2.0,False,True
user_0861,2022-10-21,2023-04-25,27.0,Male,Mobile,772.341422731339,6.0,False,False
user_0862,07/20/2021,2021-12-22,23.0,Male,Mobile,299.8521943117473,3.0,False,True
user_0863,2021-01-05,2021-11-24,34.0,Male,Mobile,794.1981524053558,6.0,False,False
user_0864,2022-07-24,2023-02-14,68.0,Male,Mobile,674.8473592818882,4.0,False,True
user_0865,10/22/2021,06/12/2022,67.0,Female,Mobile,340.05023761227176,5.0,False,False
user_0866,2022-08-26,2022-10-25,55.0,Male,Mobile,450.8187471432991,6.0,False,False
user_0867,07/20/2020,2021-07-09,41.0,Male,Mobile,803.2271793147115,9.0,False,False
user_0868,2020-11-08,02/12/2021,68.0,Male,Mobile,187.88767947834128,6.0,False,False
user_0869,2020-04-26,02/09/2021,27.0,Male,Mobile,776.1428751784438,6.0,False,False
user_0870,07/25/2022,,25.0,Male,Mobile,669.281425567305,6.0,False,False
user_0871,2021-07-28,2022-04-17,38.0,Female,Desktop,601.82815245414,6.0,False,False
user_0872,2020-08-31,2021-06-18,23.0,Male,Mobile,526.3391377142015,2.0,False,False
user_0873,2021-06-20,2022-03-21,38.0,Female,Desktop,894.0275964924956,2.0,False,False
user_0874,2020-03-15,2020-08-13,56.0,Female,Mobile,8551.216709636295,6.0,True,False
user_0875,2021-01-20,2021-08-07,41.0,Female,Mobile,376.95404999646905,1.0,True,False
user_0876,04/19/2021,06/22/2021,50.0,Female,Mobile,622.4409574463334,1.0,True,False
user_0877,2021-02-21,2021-10-04,35.0,Female,Mobile,874.8752994355664,2.0,True,False
user_0878,12/12/2020,07/30/2021,45.0,Male,Mobile,342.9910837999979,3.0,False,False
user_0879,2021-10-01,01/15/2022,69.0,Female,Tablet,548.6279148623754,5.0,True,False
user_0880,2022-07-27,2022-12-29,49.0,Female,Mobile,700.7750884564982,7.0,False,False
user_0881,2022-08-12,2022-12-28,29.0,Male,Mobile,97.0213190117862,9.0,True,False
user_0882,2022-05-25,2023-03-28,65.0,Female,Desktop,665.7110457395779,9.0,False,False
user_0883,02/01/2022,2022-08-14,59.0,Female,Mobile,282.31359531792043,6.0,False,True
user_0884,2021-10-25,2022-05-04,44.0,Female,Desktop,538.4662729911337,3.0,True,False
user_0885,01/25/2020,12/28/2020,27.0,Male,Mobile,728.8689701783637,1.0,False,False
user_0886,12/10/2021,02/19/2022,63.0,Male,Tablet,22.163860812014207,1.0,True,False
user_0887,06/25/2020,11/10/2020,,Male,Mobile,657.1717775487792,,False,False
user_0888,2020-10-11,2020-11-30,59.0,Male,Mobile,907.6657969261662,5.0,False,False
user_0889,03/03/2020,2021-02-19,49.0,Female,Desktop,393.33980006682725,2.0,False,False
user_0890,09/29/2022,2023-01-28,59.0,Female,Mobile,615.3380293568248,5.0,True,False
user_0891,10/23/2021,2022-03-26,43.0,Male,Mobile,767.0572661398776,4.0,False,False
user_0892,10/27/2021,2022-03-16,42.0,Female,Desktop,181.41099035800517,4.0,False,False
user_0893,2020-06-04,04/02/2021,28.0,Male,Mobile,651.4739517067505,1.0,False,True
user_0894,2022-12-08,04/20/2023,40.0,Male,Mobile,704.7532465195561,7.0,False,False
user_0895,2022-08-24,2023-02-21,,Female,Desktop,627.7240439873534,4.0,False,False
user_0896,2022-04-28,2022-11-08,69.0,Female,Mobile,517.3245384410243,1.0,False,False
user_0897,11/19/2021,2021-12-26,57.0,Female,Desktop,299.9174436387747,6.0,True,False
user_0898,2020-05-27,,40.0,Female,Tablet,778.2846707072487,8.0,True,False
user_0899,2020-12-07,06/18/2021,46.0,Female,Mobile,506.90071304633153,8.0,False,False
user_0900,04/20/2021,2021-07-22,48.0,Female,Mobile,319.2239174752809,0.0,True,False
user_0901,12/22/2022,2023-10-14,24.0,Male,Mobile,436.3948339170862,6.0,True,False
user_0902,07/14/2021,09/28/2021,57.0,Female,Mobile,573.6770982669354,8.0,True,False
user_0903,11/22/2020,2021-05-19,50.0,nan,Tablet,,5.0,False,False
user_0904,2022-09-16,2022-10-20,38.0,Female,Mobile,503.5860705168235,0.0,False,False
user_0905,2020-08-02,2020-09-20,19.0,Male,Mobile,416.62455658840213,1.0,False,False
user_0906,03/10/2021,04/20/2021,35.0,Female,Desktop,767.2052962731977,3.0,True,False
user_0907,08/09/2022,2023-02-01,64.0,Female,Desktop,125.0218805424542,3.0,False,False
user_0908,2021-12-23,2022-05-09,50.0,Male,Mobile,687.7515285004968,1.0,False,False
user_0909,02/01/2020,2020-05-10,54.0,nan,Mobile,783.418965120503,7.0,False,False
user_0910,2021-10-31,2022-08-06,51.0,Male,Desktop,132.5822725704275,1.0,False,False
user_0911,2020-10-11,2021-01-23,37.0,Male,Tablet,156.5635028385849,2.0,False,False
user_0912,03/04/2021,2021-11-04,52.0,nan,Desktop,857.1800093132958,3.0,False,True
user_0913,10/12/2020,2021-06-01,68.0,Female,Mobile,319.1255902794134,8.0,True,False
user_0914,2022-11-08,2023-08-06,67.0,Male,Mobile,1118.96582409769,9.0,True,False
user_0915,2020-01-18,09/22/2020,35.0,Female,Mobile,138.83199289596678,0.0,True,False
user_0916,2022-02-07,2022-08-30,63.0,Female,Mobile,534.0094809974241,7.0,False,False
user_0917,2021-08-12,05/28/2022,41.0,Male,Tablet,495.3212525494565,4.0,True,False
user_0918,10/06/2022,2023-04-16,25.0,nan,Desktop,458.3608464870086,6.0,False,False
user_0919,2020-07-12,2021-07-05,47.0,Female,Tablet,592.5924721411565,7.0,True,False
user_0920,2021-05-16,,61.0,Female,Mobile,604.1292849458134,4.0,False,False
user_0921,09/14/2022,,,Female,Desktop,466.4682034741792,7.0,False,False
user_0922,2020-04-23,2021-01-02,40.0,Female,Desktop,297.1652112345459,9.0,False,False
user_0923,08/04/2022,2023-01-27,69.0,Male,Desktop,709.5520728482759,7.0,False,False
user_0924,2022-04-10,2023-03-28,66.0,Male,Mobile,625.6105326165673,8.0,True,False
user_0925,07/13/2022,08/24/2022,28.0,Female,Mobile,522.9167381232148,1.0,False,False
user_0926,2020-02-24,2020-09-29,19.0,Female,Desktop,619.2734964834718,2.0,True,False
user_0927,2022-03-10,2022-11-02,43.0,Male,Mobile,653.788290018226,0.0,False,True
user_0928,2022-02-16,04/08/2022,53.0,Female,Tablet,347.653591303736,3.0,False,False
user_0929,06/10/2020,12/27/2020,50.0,Female,Mobile,612.1360746963612,4.0,True,False
user_0930,2020-03-27,2021-02-17,64.0,Male,Desktop,389.39285489633147,0.0,True,False
user_0931,2020-02-24,2020-12-26,30.0,Male,Desktop,660.40667131736,7.0,False,False
user_0932,2022-10-28,2023-06-08,57.0,Male,Desktop,461.5200827153538,1.0,False,False
user_0933,2022-04-12,2022-06-15,42.0,Female,Mobile,622.343914736344,0.0,False,False
user_0934,2020-11-08,02/02/2021,21.0,Male,Tablet,413.2409400580955,1.0,False,False
user_0935,2022-01-28,2022-08-08,59.0,Male,Desktop,632.7404871875345,4.0,False,False
user_0936,2021-03-18,2022-01-05,36.0,Female,Mobile,304.2461541767983,8.0,True,False
user_0937,2020-11-23,2021-11-14,,Female,Desktop,507.23377597269246,8.0,False,False
user_0938,2022-12-13,,54.0,Male,Mobile,696.1265030219868,1.0,True,True
user_0939,2022-01-30,,47.0,Male,Mobile,593.440931449185,1.0,False,False
user_0940,2021-08-01,2021-10-06,36.0,Female,Mobile,538.4057466898423,2.0,False,False
user_0941,2022-12-10,2023-02-14,40.0,nan,Desktop,860.7122679301278,6.0,True,False
user_0942,2022-10-03,,33.0,Female,Mobile,704.7273736977844,2.0,False,False
user_0943,04/05/2020,2020-11-08,18.0,Female,Desktop,671.1079898506255,0.0,False,False
user_0944,2022-03-24,2022-08-27,29.0,Male,Mobile,631.605555783301,5.0,False,False
user_0945,2021-05-05,07/08/2021,41.0,Male,Mobile,656.5393744493329,2.0,True,False
user_0946,2021-03-27,2021-08-07,51.0,Male,Tablet,831.4204021104329,0.0,True,False
user_0947,2020-06-13,2021-04-28,25.0,Male,Desktop,416.46626245580103,3.0,False,False
user_0948,2020-06-30,,35.0,Female,Tablet,701.8807930550483,0.0,False,False
user_0949,2021-04-13,2021-07-26,65.0,Male,Mobile,571.2975777549552,0.0,False,False
user_0950,2022-06-28,04/12/2023,22.0,Male,Mobile,423.3764925732013,1.0,True,False
user_0951,2022-01-04,2022-07-25,43.0,nan,Desktop,480.0549793917441,,False,False
user_0952,2022-04-02,06/15/2022,47.0,Male,Desktop,543.8309363092686,7.0,False,False
user_0953,2022-08-01,2022-12-31,30.0,Male,Mobile,328.0119864661155,1.0,False,False
user_0954,2020-01-07,2020-04-11,36.0,Male,Mobile,672.8025551000894,1.0,False,True
user_0955,11/25/2020,,46.0,Female,Desktop,479.42971518219224,9.0,False,False
user_0956,02/13/2022,2022-11-03,20.0,Female,Mobile,516.9858324485348,9.0,False,False
user_0957,2020-05-30,01/02/2021,43.0,Male,Desktop,771.4405099855614,7.0,False,False
user_0958,05/26/2020,2020-07-07,57.0,Female,Mobile,525.9496410453605,5.0,False,False
user_0959,2022-07-03,2023-05-18,29.0,Female,Mobile,810.533688884221,3.0,False,False
user_0960,2021-11-30,2022-08-01,19.0,Female,Tablet,395.0370982209712,2.0,False,False
user_0961,2020-03-22,2020-06-14,28.0,nan,Mobile,280.5860322410698,0.0,False,False
user_0962,2021-05-28,2022-02-02,61.0,Female,Mobile,442.0013706110234,2.0,True,False
user_0963,03/25/2022,2023-02-12,45.0,Female,Desktop,0.1,8.0,True,False
user_0964,2021-12-09,08/28/2022,35.0,Male,Mobile,681.1523504941887,4.0,True,False
user_0965,2022-01-15,11/09/2022,30.0,Male,Mobile,292.220291742501,5.0,True,True
user_0966,2022-10-19,2023-01-09,54.0,Male,Desktop,376.46091571074606,4.0,True,True
user_0967,12/07/2021,2022-10-13,39.0,Female,Mobile,,0.0,False,False
user_0968,2021-04-15,2021-11-13,29.0,Female,Mobile,523.8242195835783,9.0,False,False
user_0969,01/30/2021,05/13/2021,19.0,Female,Mobile,411.8909083839759,0.0,False,False
user_0970,09/17/2020,12/09/2020,54.0,Male,Mobile,92.69152549564615,3.0,True,False
user_0971,03/15/2022,,24.0,Female,Desktop,760.1616059794388,2.0,True,False
user_0972,07/22/2022,2022-09-03,,nan,Desktop,644.6160066952929,7.0,False,False
user_0973,2022-06-23,09/13/2022,43.0,Female,Mobile,911.1442659396503,6.0,False,False
user_0974,12/12/2022,2023-02-01,41.0,Female,Desktop,380.7240328019186,6.0,False,False
user_0975,2022-07-28,05/13/2023,29.0,Female,Tablet,209.10994712439845,7.0,False,False
user_0976,2022-05-03,2023-02-20,33.0,nan,Mobile,698.9510570528847,9.0,False,False
user_0977,2021-08-15,2022-01-10,,Female,Desktop,462.38801651992975,6.0,False,False
user_0978,12/14/2021,10/29/2022,57.0,Female,Mobile,625.6339718137912,9.0,False,True
user_0979,2021-09-23,2022-02-26,26.0,Male,Desktop,823.9830574653112,1.0,False,False
user_0980,2020-02-28,,49.0,Male,Tablet,577.6306192928353,3.0,False,False
user_0981,2020-05-07,08/23/2020,32.0,Female,Mobile,533.4597801091066,5.0,False,False
user_0982,01/05/2022,2022-10-02,54.0,Male,Mobile,546.000557261118,2.0,False,False
user_0983,2021-12-21,2022-06-22,30.0,nan,Mobile,172.55036280706707,2.0,True,False
user_0984,2021-06-09,2022-02-07,22.0,Male,Mobile,721.6076418966094,5.0,False,False
user_0985,2021-06-04,2021-09-29,28.0,Female,Mobile,734.4172324498325,0.0,False,False
user_0986,07/05/2021,2022-06-24,27.0,Male,Desktop,606.1140049925049,0.0,False,True
user_0987,2020-08-24,08/08/2021,69.0,Male,Mobile,196.91907301383372,4.0,False,False
user_0988,05/08/2021,10/23/2021,30.0,nan,Mobile,475.7702349725973,0.0,False,False
user_0989,01/04/2020,2020-05-19,58.0,Male,Desktop,787.7051550785707,9.0,False,False
user_0990,2021-10-27,2022-05-06,63.0,Male,Mobile,386.8492674053064,7.0,False,False
user_0991,03/17/2021,2021-07-24,67.0,Male,Tablet,736.850610382732,1.0,True,False
user_0992,01/29/2020,2020-12-30,32.0,Female,Desktop,511.0192985313708,5.0,False,False
user_0993,09/01/2021,2022-03-26,59.0,Male,Mobile,642.5007679031921,9.0,True,False
user_0994,2022-03-15,2022-06-08,24.0,Female,Mobile,417.5717174350434,9.0,True,False
user_0995,2020-03-15,2020-10-16,57.0,Female,Mobile,516.8761763291333,4.0,False,False
user_0996,2022-04-17,,45.0,Female,Desktop,587.3430496337756,9.0,True,False
user_0997,2020-05-07,2021-04-17,49.0,Female,Mobile,283.35320522116314,3.0,False,False
user_0998,02/11/2020,2020-07-09,52.0,Female,Desktop,554.7826257958022,0.0,True,False
user_0999,2020-02-10,09/01/2020,32.0,Male,Desktop,0.1,2.0,True,False
